camera,imgtype,zoom,exposure,gain,frame,lifter,timestamp,id,plantbarcode,treatment,cartag,measurementlabel,other,image,sample,in_bounds,area,convex_hull_area,solidity,perimeter,width,height,longest_path,convex_hull_vertices,object_in_frame,ellipse_major_axis,ellipse_minor_axis,ellipse_angle,ellipse_eccentricity
10.9.1.29,none,none,none,none,none,none,2019-10-25-19-05,pos-153-001-003,none,none,none,none,none,./imgs/10.9.1.29_pos-153-001-003_2019-10-25-19-05.jpg,0,True,4118.0,5746.0,0.7166724678036895,538.6291035413742,82,110,1086,23,True,103.42621612548828,72.95510864257812,6.604340553283691,0.7088262353298755
10.9.1.29,none,none,none,none,none,none,2019-10-25-19-05,pos-153-001-003,none,none,none,none,none,./imgs/10.9.1.29_pos-153-001-003_2019-10-25-19-05.jpg,1,True,3354.0,4869.0,0.6888478126925447,594.1475721597672,77,107,1125,18,True,108.453369140625,56.40071105957031,26.800495147705078,0.85413842155649
10.9.1.29,none,none,none,none,none,none,2019-10-25-19-05,pos-153-001-003,none,none,none,none,none,./imgs/10.9.1.29_pos-153-001-003_2019-10-25-19-05.jpg,2,True,6125.0,8825.0,0.6940509915014165,701.4377202987671,159,81,1093,23,True,143.40432739257812,69.17827606201172,90.77754974365234,0.8759509393051322
10.9.1.29,none,none,none,none,none,none,2019-10-25-19-05,pos-153-001-003,none,none,none,none,none,./imgs/10.9.1.29_pos-153-001-003_2019-10-25-19-05.jpg,3,True,4254.0,6902.0,0.6163430889597218,600.023674249649,124,87,892,24,True,109.97338104248047,71.86044311523438,74.44631958007812,0.7569827321419169
10.9.1.29,none,none,none,none,none,none,2019-10-25-19-05,pos-153-001-003,none,none,none,none,none,./imgs/10.9.1.29_pos-153-001-003_2019-10-25-19-05.jpg,4,True,3656.0,4964.0,0.7365028203062046,478.10776913166046,87,92,1192,28,True,106.1183090209961,57.81950378417969,141.15493774414062,0.8385277531718353
10.9.1.29,none,none,none,none,none,none,2019-10-25-19-05,pos-153-001-003,none,none,none,none,none,./imgs/10.9.1.29_pos-153-001-003_2019-10-25-19-05.jpg,6,True,4229.0,6450.0,0.6556589147286822,503.34523379802704,128,79,886,23,True,112.1824722290039,64.49852752685547,88.7352294921875,0.8181934628747458
10.9.1.29,none,none,none,none,none,none,2019-10-25-19-05,pos-153-001-003,none,none,none,none,none,./imgs/10.9.1.29_pos-153-001-003_2019-10-25-19-05.jpg,7,True,5639.0,8567.5,0.658185001459002,644.6833273172379,136,104,1044,24,True,133.04534912109375,75.25872039794922,59.04779052734375,0.8246370799533816
10.9.1.29,none,none,none,none,none,none,2019-10-25-19-05,pos-153-001-003,none,none,none,none,none,./imgs/10.9.1.29_pos-153-001-003_2019-10-25-19-05.jpg,8,True,6339.0,9448.5,0.6709001428798222,776.1374752521515,85,160,1640,29,True,146.31121826171875,74.5291748046875,4.966690540313721,0.8605369798034215
10.9.1.29,none,none,none,none,none,none,2019-10-25-19-05,pos-153-001-003,none,none,none,none,none,./imgs/10.9.1.29_pos-153-001-003_2019-10-25-19-05.jpg,9,True,7080.0,10318.0,0.6861794921496414,832.7614738941193,106,152,1684,26,True,140.662353515625,84.07296752929688,23.341873168945312,0.8017247273037644
10.9.1.29,none,none,none,none,none,none,2019-10-25-19-05,pos-153-001-003,none,none,none,none,none,./imgs/10.9.1.29_pos-153-001-003_2019-10-25-19-05.jpg,10,True,2702.0,3880.5,0.6963020229351887,438.41234159469604,88,70,595,24,True,79.02880859375,57.04936981201172,84.9725570678711,0.6920175495397055
10.9.1.29,none,none,none,none,none,none,2019-10-25-19-05,pos-153-001-003,none,none,none,none,none,./imgs/10.9.1.29_pos-153-001-003_2019-10-25-19-05.jpg,11,True,4791.0,7372.5,0.6498474059003052,585.7716399431229,91,118,883,28,True,115.40579986572266,75.61736297607422,24.46814727783203,0.7554292896792509
10.9.1.29,none,none,none,none,none,none,2019-10-25-19-05,pos-153-001-003,none,none,none,none,none,./imgs/10.9.1.29_pos-153-001-003_2019-10-25-19-05.jpg,12,True,5269.0,7260.0,0.7257575757575757,492.6173119544983,94,120,1263,23,True,120.03589630126953,79.4822769165039,157.61778259277344,0.7493675806722501
10.9.1.29,none,none,none,none,none,none,2019-10-25-19-05,pos-153-001-003,none,none,none,none,none,./imgs/10.9.1.29_pos-153-001-003_2019-10-25-19-05.jpg,13,True,6615.0,9829.5,0.6729742102853655,775.0045074224472,113,144,1504,24,True,143.2583770751953,82.41285705566406,149.4522247314453,0.8179605884245973
10.9.1.29,none,none,none,none,none,none,2019-10-25-19-05,pos-153-001-003,none,none,none,none,none,./imgs/10.9.1.29_pos-153-001-003_2019-10-25-19-05.jpg,14,True,5572.0,8173.5,0.681715299443323,716.3839523792267,111,114,1481,26,True,127.1144790649414,73.0542221069336,136.3568115234375,0.8183557088984565
10.9.1.29,none,none,none,none,none,none,2019-10-25-19-05,pos-153-001-003,none,none,none,none,none,./imgs/10.9.1.29_pos-153-001-003_2019-10-25-19-05.jpg,15,True,6886.0,10251.0,0.6717393425031705,660.4406867027283,133,111,1031,24,True,137.5550994873047,82.23072814941406,52.60032653808594,0.8016437127511984
10.9.1.29,none,none,none,none,none,none,2019-10-25-19-05,pos-153-001-003,none,none,none,none,none,./imgs/10.9.1.29_pos-153-001-003_2019-10-25-19-05.jpg,16,True,4098.0,5816.5,0.704547408235193,449.4041088819504,105,88,652,25,True,99.88624572753906,76.21746063232422,95.83753967285156,0.6463481962273739
10.9.1.29,none,none,none,none,none,none,2019-10-25-19-05,pos-153-001-003,none,none,none,none,none,./imgs/10.9.1.29_pos-153-001-003_2019-10-25-19-05.jpg,18,True,4322.0,6122.5,0.7059207839934667,426.6173119544983,71,122,1313,30,True,115.59296417236328,64.18376922607422,9.566228866577148,0.8316790148180366
10.9.1.29,none,none,none,none,none,none,2019-10-25-19-05,pos-153-001-003,none,none,none,none,none,./imgs/10.9.1.29_pos-153-001-003_2019-10-25-19-05.jpg,19,True,5095.0,7569.5,0.673095977277231,610.6416971683502,106,109,879,26,True,119.9852066040039,68.83064270019531,44.388084411621094,0.8190939400043409
10.9.1.29,none,none,none,none,none,none,2019-10-25-19-05,pos-153-001-003,none,none,none,none,none,./imgs/10.9.1.29_pos-153-001-003_2019-10-25-19-05.jpg,20,True,4241.0,6344.0,0.6685056746532156,622.5360442399979,124,70,898,26,True,119.25399017333984,59.304683685302734,107.19166564941406,0.8675802128843971
10.9.1.29,none,none,none,none,none,none,2019-10-25-19-05,pos-153-001-003,none,none,none,none,none,./imgs/10.9.1.29_pos-153-001-003_2019-10-25-19-05.jpg,21,True,5726.0,8932.0,0.6410658307210031,758.667259812355,140,111,932,25,True,139.14120483398438,83.74211120605469,120.9988021850586,0.7986092760590235
10.9.1.29,none,none,none,none,none,none,2019-10-25-19-05,pos-153-001-003,none,none,none,none,none,./imgs/10.9.1.29_pos-153-001-003_2019-10-25-19-05.jpg,22,True,3272.0,4528.5,0.7225350557579773,558.7853145599365,79,89,724,26,True,96.71893310546875,50.633758544921875,38.32119369506836,0.8520167993166579
10.9.1.29,none,none,none,none,none,none,2019-10-25-19-05,pos-153-001-003,none,none,none,none,none,./imgs/10.9.1.29_pos-153-001-003_2019-10-25-19-05.jpg,23,True,5303.0,7709.5,0.6878526493287502,538.3157962560654,92,125,1303,24,True,120.1358413696289,81.4094467163086,165.33700561523438,0.7353892276334966
10.9.1.29,none,none,none,none,none,none,2019-10-21-19-05,pos-153-001-003,none,none,none,none,none,./imgs/10.9.1.29_pos-153-001-003_2019-10-21-19-05.jpg,0,True,1238.0,1554.5,0.7963975554840785,249.50726783275604,52,46,354,18,True,46.7999267578125,39.805843353271484,83.631591796875,0.5258884638447672
10.9.1.29,none,none,none,none,none,none,2019-10-21-19-05,pos-153-001-003,none,none,none,none,none,./imgs/10.9.1.29_pos-153-001-003_2019-10-21-19-05.jpg,1,True,1574.0,1830.5,0.8598743512701448,207.33809351921082,44,62,676,17,True,58.00636672973633,37.595497131347656,13.080641746520996,0.7615321971168657
10.9.1.29,none,none,none,none,none,none,2019-10-21-19-05,pos-153-001-003,none,none,none,none,none,./imgs/10.9.1.29_pos-153-001-003_2019-10-21-19-05.jpg,2,True,2220.0,2883.0,0.7700312174817898,285.76449966430664,62,73,827,18,True,70.12547302246094,48.078765869140625,30.767065048217773,0.7279685018471335
10.9.1.29,none,none,none,none,none,none,2019-10-21-19-05,pos-153-001-003,none,none,none,none,none,./imgs/10.9.1.29_pos-153-001-003_2019-10-21-19-05.jpg,3,True,1228.0,1328.0,0.9246987951807228,177.53910398483276,31,56,386,18,True,58.94610595703125,26.477127075195312,169.00906372070312,0.8934437128382549
10.9.1.29,none,none,none,none,none,none,2019-10-21-19-05,pos-153-001-003,none,none,none,none,none,./imgs/10.9.1.29_pos-153-001-003_2019-10-21-19-05.jpg,4,True,1195.0,1492.5,0.8006700167504187,280.83217918872833,47,42,389,19,True,47.567691802978516,38.00467300415039,57.72992706298828,0.6013844491067248
10.9.1.29,none,none,none,none,none,none,2019-10-21-19-05,pos-153-001-003,none,none,none,none,none,./imgs/10.9.1.29_pos-153-001-003_2019-10-21-19-05.jpg,5,True,207.0,327.0,0.6330275229357798,107.91473340988159,29,23,227,13,True,31.923328399658203,12.373384475708008,121.99959564208984,0.9218289485151894
10.9.1.29,none,none,none,none,none,none,2019-10-21-19-05,pos-153-001-003,none,none,none,none,none,./imgs/10.9.1.29_pos-153-001-003_2019-10-21-19-05.jpg,6,True,996.0,1130.5,0.8810260946483857,154.22539567947388,32,49,536,18,True,47.57196044921875,27.555397033691406,10.507353782653809,0.8151598222060731
10.9.1.29,none,none,none,none,none,none,2019-10-21-19-05,pos-153-001-003,none,none,none,none,none,./imgs/10.9.1.29_pos-153-001-003_2019-10-21-19-05.jpg,7,True,1694.0,1954.0,0.8669396110542477,227.82337474822998,40,66,701,19,True,64.57857513427734,34.77921676635742,177.57618713378906,0.8425893464731634
10.9.1.29,none,none,none,none,none,none,2019-10-21-19-05,pos-153-001-003,none,none,none,none,none,./imgs/10.9.1.29_pos-153-001-003_2019-10-21-19-05.jpg,8,True,1905.0,2354.5,0.8090889785517095,313.05119228363037,67,54,476,18,True,60.306636810302734,46.411434173583984,100.84601593017578,0.6385373655764484
10.9.1.29,none,none,none,none,none,none,2019-10-21-19-05,pos-153-001-003,none,none,none,none,none,./imgs/10.9.1.29_pos-153-001-003_2019-10-21-19-05.jpg,9,True,1952.0,2433.0,0.802301685162351,344.90004885196686,76,45,525,19,True,70.98300170898438,39.197383880615234,94.02153778076172,0.8337063549358603
10.9.1.29,none,none,none,none,none,none,2019-10-21-19-05,pos-153-001-003,none,none,none,none,none,./imgs/10.9.1.29_pos-153-001-003_2019-10-21-19-05.jpg,10,True,639.0,665.0,0.9609022556390977,112.91168737411499,23,41,438,17,True,40.72770309448242,19.307849884033203,11.833157539367676,0.8804862631263464
10.9.1.29,none,none,none,none,none,none,2019-10-21-19-05,pos-153-001-003,none,none,none,none,none,./imgs/10.9.1.29_pos-153-001-003_2019-10-21-19-05.jpg,11,True,1299.0,1430.5,0.9080740999650472,182.61017167568207,53,42,399,22,True,56.28345489501953,31.068119049072266,122.86894226074219,0.8338482038243723
10.9.1.29,none,none,none,none,none,none,2019-10-21-19-05,pos-153-001-003,none,none,none,none,none,./imgs/10.9.1.29_pos-153-001-003_2019-10-21-19-05.jpg,12,True,1359.0,1519.0,0.8946675444371297,180.85281229019165,49,45,398,19,True,53.29005813598633,33.69977951049805,46.49406051635742,0.7746550788002333
10.9.1.29,none,none,none,none,none,none,2019-10-21-19-05,pos-153-001-003,none,none,none,none,none,./imgs/10.9.1.29_pos-153-001-003_2019-10-21-19-05.jpg,13,True,1940.0,2407.5,0.8058151609553479,264.5512965917587,70,49,497,24,True,63.81939697265625,44.135990142822266,73.2834243774414,0.7223032978221974
10.9.1.29,none,none,none,none,none,none,2019-10-21-19-05,pos-153-001-003,none,none,none,none,none,./imgs/10.9.1.29_pos-153-001-003_2019-10-21-19-05.jpg,14,True,1742.0,2111.0,0.8252013263855993,248.99494767189026,54,55,445,22,True,60.27524185180664,40.126583099365234,42.05645751953125,0.7461994292489379
10.9.1.29,none,none,none,none,none,none,2019-10-21-19-05,pos-153-001-003,none,none,none,none,none,./imgs/10.9.1.29_pos-153-001-003_2019-10-21-19-05.jpg,15,True,1966.0,2526.0,0.7783056215360253,362.25753009319305,64,61,515,22,True,68.41044616699219,41.23078536987305,132.29275512695312,0.7979699663775447
10.9.1.29,none,none,none,none,none,none,2019-10-21-19-05,pos-153-001-003,none,none,none,none,none,./imgs/10.9.1.29_pos-153-001-003_2019-10-21-19-05.jpg,16,True,1067.0,1279.0,0.8342455043002346,194.5096664428711,35,53,624,17,True,51.329769134521484,28.58624267578125,25.81378746032715,0.8305704819357116
10.9.1.29,none,none,none,none,none,none,2019-10-21-19-05,pos-153-001-003,none,none,none,none,none,./imgs/10.9.1.29_pos-153-001-003_2019-10-21-19-05.jpg,18,True,1464.0,1716.0,0.8531468531468531,246.40916121006012,59,42,424,20,True,56.007354736328125,35.85544967651367,112.44271850585938,0.7682151061237967
10.9.1.29,none,none,none,none,none,none,2019-10-21-19-05,pos-153-001-003,none,none,none,none,none,./imgs/10.9.1.29_pos-153-001-003_2019-10-21-19-05.jpg,19,True,1568.0,1963.0,0.7987773815588385,248.06601536273956,51,55,439,19,True,59.58556365966797,38.414188385009766,134.042724609375,0.7644445198161909
10.9.1.29,none,none,none,none,none,none,2019-10-21-19-05,pos-153-001-003,none,none,none,none,none,./imgs/10.9.1.29_pos-153-001-003_2019-10-21-19-05.jpg,20,True,1126.0,1350.0,0.8340740740740741,211.722869515419,38,54,537,18,True,47.38469696044922,32.69707489013672,10.360700607299805,0.7237764928909957
10.9.1.29,none,none,none,none,none,none,2019-10-21-19-05,pos-153-001-003,none,none,none,none,none,./imgs/10.9.1.29_pos-153-001-003_2019-10-21-19-05.jpg,21,True,1701.0,2154.0,0.7896935933147632,290.59292674064636,45,67,737,22,True,59.90165710449219,41.2208251953125,7.557732582092285,0.7255763699771743
10.9.1.29,none,none,none,none,none,none,2019-10-21-19-05,pos-153-001-003,none,none,none,none,none,./imgs/10.9.1.29_pos-153-001-003_2019-10-21-19-05.jpg,22,True,920.0,1015.0,0.9064039408866995,153.29646337032318,39,42,522,19,True,47.46495819091797,24.569950103759766,139.64059448242188,0.8555961108127673
10.9.1.29,none,none,none,none,none,none,2019-10-21-19-05,pos-153-001-003,none,none,none,none,none,./imgs/10.9.1.29_pos-153-001-003_2019-10-21-19-05.jpg,23,True,1664.0,2133.5,0.7799390672603703,277.4213538169861,69,47,474,21,True,62.21426010131836,40.393585205078125,89.85211944580078,0.7605616670157935
10.9.1.29,none,none,none,none,none,none,2019-10-18-19-05,pos-153-001-003,none,none,none,none,none,./imgs/10.9.1.29_pos-153-001-003_2019-10-18-19-05.jpg,0,True,439.0,486.5,0.9023638232271326,104.66904675960541,37,18,250,12,True,44.0970458984375,13.799124717712402,96.07260131835938,0.9497774163715602
10.9.1.29,none,none,none,none,none,none,2019-10-18-19-05,pos-153-001-003,none,none,none,none,none,./imgs/10.9.1.29_pos-153-001-003_2019-10-18-19-05.jpg,1,True,236.0,218.5,1.080091533180778,56.62741661071777,17,17,126,13,True,17.628108978271484,15.57890796661377,138.96255493164062,0.46795219205405214
10.9.1.29,none,none,none,none,none,none,2019-10-18-19-05,pos-153-001-003,none,none,none,none,none,./imgs/10.9.1.29_pos-153-001-003_2019-10-18-19-05.jpg,2,True,674.0,832.0,0.8100961538461539,197.22542202472687,27,49,523,15,True,55.05987548828125,18.34675407409668,17.46140480041504,0.9428510137517221
10.9.1.29,none,none,none,none,none,none,2019-10-18-19-05,pos-153-001-003,none,none,none,none,none,./imgs/10.9.1.29_pos-153-001-003_2019-10-18-19-05.jpg,3,True,338.0,399.0,0.8471177944862155,128.21716785430908,17,32,209,14,True,34.58209991455078,14.181922912597656,171.2198486328125,0.9120431156556621
10.9.1.29,none,none,none,none,none,none,2019-10-18-19-05,pos-153-001-003,none,none,none,none,none,./imgs/10.9.1.29_pos-153-001-003_2019-10-18-19-05.jpg,4,True,422.0,471.0,0.8959660297239915,102.08326029777527,33,29,263,15,True,43.86747360229492,13.016118049621582,50.85236358642578,0.9549662145579921
10.9.1.29,none,none,none,none,none,none,2019-10-18-19-05,pos-153-001-003,none,none,none,none,none,./imgs/10.9.1.29_pos-153-001-003_2019-10-18-19-05.jpg,5,True,265.0,363.5,0.7290233837689133,124.48273015022278,31,23,217,13,True,34.40424346923828,12.792831420898438,122.16828918457031,0.9282973297616284
10.9.1.29,none,none,none,none,none,none,2019-10-18-19-05,pos-153-001-003,none,none,none,none,none,./imgs/10.9.1.29_pos-153-001-003_2019-10-18-19-05.jpg,6,True,269.0,321.5,0.8367029548989113,114.02883899211884,16,28,288,13,True,30.012182235717773,12.986310958862305,9.758041381835938,0.9015373342756188
10.9.1.29,none,none,none,none,none,none,2019-10-18-19-05,pos-153-001-003,none,none,none,none,none,./imgs/10.9.1.29_pos-153-001-003_2019-10-18-19-05.jpg,7,True,500.0,612.0,0.8169934640522876,123.63960921764374,21,39,405,12,True,41.004234313964844,17.873029708862305,175.69395446777344,0.9000035629572455
10.9.1.29,none,none,none,none,none,none,2019-10-18-19-05,pos-153-001-003,none,none,none,none,none,./imgs/10.9.1.29_pos-153-001-003_2019-10-18-19-05.jpg,8,True,654.0,749.5,0.8725817211474316,137.0538227558136,47,22,329,16,True,52.500736236572266,17.85676383972168,98.29170227050781,0.940380572006751
10.9.1.29,none,none,none,none,none,none,2019-10-18-19-05,pos-153-001-003,none,none,none,none,none,./imgs/10.9.1.29_pos-153-001-003_2019-10-18-19-05.jpg,9,True,573.0,721.5,0.7941787941787942,178.33133971691132,45,23,318,18,True,49.123348236083984,17.81218147277832,98.92997741699219,0.9319444308017985
10.9.1.29,none,none,none,none,none,none,2019-10-18-19-05,pos-153-001-003,none,none,none,none,none,./imgs/10.9.1.29_pos-153-001-003_2019-10-18-19-05.jpg,10,True,260.0,316.0,0.8227848101265823,107.47190737724304,16,28,279,15,True,29.827503204345703,13.066995620727539,11.674225807189941,0.8989333262661331
10.9.1.29,none,none,none,none,none,none,2019-10-18-19-05,pos-153-001-003,none,none,none,none,none,./imgs/10.9.1.29_pos-153-001-003_2019-10-18-19-05.jpg,11,True,403.0,468.5,0.8601921024546425,97.35533845424652,30,26,224,16,True,35.400936126708984,15.714868545532227,126.49768829345703,0.8960708309506444
10.9.1.29,none,none,none,none,none,none,2019-10-18-19-05,pos-153-001-003,none,none,none,none,none,./imgs/10.9.1.29_pos-153-001-003_2019-10-18-19-05.jpg,12,True,485.0,568.5,0.8531222515391381,111.01219260692596,33,31,265,15,True,42.337432861328125,15.8865327835083,49.44292068481445,0.9269292726406606
10.9.1.29,none,none,none,none,none,none,2019-10-18-19-05,pos-153-001-003,none,none,none,none,none,./imgs/10.9.1.29_pos-153-001-003_2019-10-18-19-05.jpg,13,True,523.0,546.5,0.9569990850869168,106.18376553058624,38,20,247,17,True,41.38401794433594,16.647077560424805,79.12554931640625,0.9155260838321062
10.9.1.29,none,none,none,none,none,none,2019-10-18-19-05,pos-153-001-003,none,none,none,none,none,./imgs/10.9.1.29_pos-153-001-003_2019-10-18-19-05.jpg,14,True,586.0,684.5,0.8560993425858291,120.32590091228485,35,36,298,14,True,48.034000396728516,17.363155364990234,42.781375885009766,0.9323812766213009
10.9.1.29,none,none,none,none,none,none,2019-10-18-19-05,pos-153-001-003,none,none,none,none,none,./imgs/10.9.1.29_pos-153-001-003_2019-10-18-19-05.jpg,15,True,678.0,855.5,0.7925189947399182,207.63967394828796,44,36,332,15,True,53.35259246826172,19.162250518798828,123.39884948730469,0.9332750389022957
10.9.1.29,none,none,none,none,none,none,2019-10-18-19-05,pos-153-001-003,none,none,none,none,none,./imgs/10.9.1.29_pos-153-001-003_2019-10-18-19-05.jpg,16,True,291.0,392.5,0.7414012738853503,130.4222513437271,22,33,363,11,True,37.435157775878906,12.831318855285645,25.502904891967773,0.939422574477806
10.9.1.29,none,none,none,none,none,none,2019-10-18-19-05,pos-153-001-003,none,none,none,none,none,./imgs/10.9.1.29_pos-153-001-003_2019-10-18-19-05.jpg,18,True,498.0,626.0,0.7955271565495208,121.15432798862457,40,27,295,15,True,47.15897750854492,15.898885726928711,113.78975677490234,0.9414567407336946
10.9.1.29,none,none,none,none,none,none,2019-10-18-19-05,pos-153-001-003,none,none,none,none,none,./imgs/10.9.1.29_pos-153-001-003_2019-10-18-19-05.jpg,19,True,538.0,658.5,0.8170083523158694,135.0538227558136,35,37,291,14,True,49.357398986816406,16.174747467041016,138.687744140625,0.9447795282280547
10.9.1.29,none,none,none,none,none,none,2019-10-18-19-05,pos-153-001-003,none,none,none,none,none,./imgs/10.9.1.29_pos-153-001-003_2019-10-18-19-05.jpg,20,True,413.0,487.5,0.8471794871794872,147.46045696735382,18,38,397,15,True,42.76084518432617,14.258925437927246,8.303030967712402,0.9427651253525268
10.9.1.29,none,none,none,none,none,none,2019-10-18-19-05,pos-153-001-003,none,none,none,none,none,./imgs/10.9.1.29_pos-153-001-003_2019-10-18-19-05.jpg,21,True,596.0,686.0,0.8688046647230321,125.39696860313416,24,44,472,16,True,50.464473724365234,16.70209312438965,15.426252365112305,0.9436422062458516
10.9.1.29,none,none,none,none,none,none,2019-10-18-19-05,pos-153-001-003,none,none,none,none,none,./imgs/10.9.1.29_pos-153-001-003_2019-10-18-19-05.jpg,22,True,309.0,380.0,0.8131578947368421,121.67180025577545,27,26,224,15,True,34.3509521484375,13.236114501953125,136.20892333984375,0.9227829492987542
10.9.1.29,none,none,none,none,none,none,2019-10-18-19-05,pos-153-001-003,none,none,none,none,none,./imgs/10.9.1.29_pos-153-001-003_2019-10-18-19-05.jpg,23,True,591.0,684.0,0.8640350877192983,130.56854152679443,45,25,309,19,True,50.37115478515625,16.59794807434082,105.54344940185547,0.9441510537513543
10.9.1.29,none,none,none,none,none,none,2019-10-31-19-05,pos-153-001-003,none,none,none,none,none,./imgs/10.9.1.29_pos-153-001-003_2019-10-31-19-05.jpg,0,True,19230.0,36796.0,0.5226111533862376,1836.6300221681595,297,200,1877,27,True,270.5886535644531,171.69825744628906,87.36163330078125,0.7728932602170179
10.9.1.29,none,none,none,none,none,none,2019-10-31-19-05,pos-153-001-003,none,none,none,none,none,./imgs/10.9.1.29_pos-153-001-003_2019-10-31-19-05.jpg,1,True,12013.0,16966.5,0.708042318686824,1167.4164463281631,143,169,1095,29,True,165.67474365234375,125.30786895751953,170.5389404296875,0.6541687223468245
10.9.1.29,none,none,none,none,none,none,2019-10-31-19-05,pos-153-001-003,none,none,none,none,none,./imgs/10.9.1.29_pos-153-001-003_2019-10-31-19-05.jpg,2,False,30428.0,55715.5,0.5461316868734912,2079.1176813840866,278,295,3548,25,False,318.4232177734375,193.57386779785156,39.00754165649414,0.794003031343012
10.9.1.29,none,none,none,none,none,none,2019-10-31-19-05,pos-153-001-003,none,none,none,none,none,./imgs/10.9.1.29_pos-153-001-003_2019-10-31-19-05.jpg,3,True,22486.0,44535.5,0.5049005849266316,1686.0428416728973,255,257,2070,25,True,242.31954956054688,193.6861572265625,132.1729736328125,0.6009314254375457
10.9.1.29,none,none,none,none,none,none,2019-10-31-19-05,pos-153-001-003,none,none,none,none,none,./imgs/10.9.1.29_pos-153-001-003_2019-10-31-19-05.jpg,4,True,21538.0,38675.5,0.5568900208142106,1499.1067690849304,228,294,3121,25,True,273.9190368652344,167.8446502685547,35.30429458618164,0.7902746581850302
10.9.1.29,none,none,none,none,none,none,2019-10-31-19-05,pos-153-001-003,none,none,none,none,none,./imgs/10.9.1.29_pos-153-001-003_2019-10-31-19-05.jpg,6,True,23481.0,47050.0,0.49906482465462276,2105.8927416801453,249,284,2938,27,True,260.7271423339844,198.97361755371094,14.171798706054688,0.6462227481681578
10.9.1.29,none,none,none,none,none,none,2019-10-31-19-05,pos-153-001-003,none,none,none,none,none,./imgs/10.9.1.29_pos-153-001-003_2019-10-31-19-05.jpg,7,True,28564.0,56089.0,0.5092620656456702,2174.023690342903,298,237,2472,28,True,280.1936950683594,211.5589141845703,113.38865661621094,0.6556727033611315
10.9.1.29,none,none,none,none,none,none,2019-10-31-19-05,pos-153-001-003,none,none,none,none,none,./imgs/10.9.1.29_pos-153-001-003_2019-10-31-19-05.jpg,8,True,30050.0,57602.5,0.5216787465821796,1984.2337474822998,277,296,3875,29,True,319.8052673339844,210.57406616210938,124.90057373046875,0.7526291567867934
10.9.1.29,none,none,none,none,none,none,2019-10-31-19-05,pos-153-001-003,none,none,none,none,none,./imgs/10.9.1.29_pos-153-001-003_2019-10-31-19-05.jpg,9,True,30822.0,61426.5,0.501770408537032,1665.6164355278015,330,266,2328,29,True,295.25201416015625,232.5103759765625,95.4222412109375,0.6163171842212586
10.9.1.29,none,none,none,none,none,none,2019-10-31-19-05,pos-153-001-003,none,none,none,none,none,./imgs/10.9.1.29_pos-153-001-003_2019-10-31-19-05.jpg,10,True,16594.0,28521.5,0.5818067072208685,1198.4722121953964,205,220,2217,23,True,194.8828887939453,170.96617126464844,164.700927734375,0.47998542530800486
10.9.1.29,none,none,none,none,none,none,2019-10-31-19-05,pos-153-001-003,none,none,none,none,none,./imgs/10.9.1.29_pos-153-001-003_2019-10-31-19-05.jpg,11,True,25447.0,48967.5,0.519671210496758,1810.814854979515,329,239,2154,34,True,271.17596435546875,194.63499450683594,87.0573501586914,0.6963068025361724
10.9.1.29,none,none,none,none,none,none,2019-10-31-19-05,pos-153-001-003,none,none,none,none,none,./imgs/10.9.1.29_pos-153-001-003_2019-10-31-19-05.jpg,12,True,23361.0,47799.0,0.48873407393460117,1626.8468835353851,315,257,2101,25,True,289.6943664550781,190.83042907714844,56.34114074707031,0.7523792384824048
10.9.1.29,none,none,none,none,none,none,2019-10-31-19-05,pos-153-001-003,none,none,none,none,none,./imgs/10.9.1.29_pos-153-001-003_2019-10-31-19-05.jpg,13,True,29268.0,60175.0,0.4863813876194433,1722.1261019706726,289,243,2531,28,True,300.8947448730469,231.04168701171875,68.43505859375,0.6406310383310567
10.9.1.29,none,none,none,none,none,none,2019-10-31-19-05,pos-153-001-003,none,none,none,none,none,./imgs/10.9.1.29_pos-153-001-003_2019-10-31-19-05.jpg,14,True,26799.0,50970.5,0.5257747128240845,2161.6139657497406,247,295,3160,31,True,295.4225769042969,206.40245056152344,6.184601783752441,0.7154455382275552
10.9.1.29,none,none,none,none,none,none,2019-10-31-19-05,pos-153-001-003,none,none,none,none,none,./imgs/10.9.1.29_pos-153-001-003_2019-10-31-19-05.jpg,15,True,30590.0,54727.5,0.5589511671463159,1976.008351802826,278,285,2265,34,True,279.03533935546875,207.10089111328125,137.29495239257812,0.6701750316628957
10.9.1.29,none,none,none,none,none,none,2019-10-31-19-05,pos-153-001-003,none,none,none,none,none,./imgs/10.9.1.29_pos-153-001-003_2019-10-31-19-05.jpg,16,True,20403.0,41115.0,0.49624224735497996,1910.8512599468231,222,273,2780,33,True,255.9698944091797,186.76329040527344,164.13795471191406,0.6838422317615529
10.9.1.29,none,none,none,none,none,none,2019-10-31-19-05,pos-153-001-003,none,none,none,none,none,./imgs/10.9.1.29_pos-153-001-003_2019-10-31-19-05.jpg,18,True,24425.0,46433.5,0.5260210839157075,1772.385987520218,291,220,1952,29,True,273.32598876953125,194.1250762939453,91.14558410644531,0.7039669034148122
10.9.1.29,none,none,none,none,none,none,2019-10-31-19-05,pos-153-001-003,none,none,none,none,none,./imgs/10.9.1.29_pos-153-001-003_2019-10-31-19-05.jpg,19,True,23542.0,48800.5,0.48241309002981525,2154.7041548490524,270,265,1919,28,True,265.7160339355469,196.5026397705078,131.69737243652344,0.6731332687960961
10.9.1.29,none,none,none,none,none,none,2019-10-31-19-05,pos-153-001-003,none,none,none,none,none,./imgs/10.9.1.29_pos-153-001-003_2019-10-31-19-05.jpg,20,True,20539.0,39376.0,0.5216121495327103,1753.4609017372131,212,264,2993,31,True,229.3624267578125,185.0353240966797,1.6893117427825928,0.5909096638798542
10.9.1.29,none,none,none,none,none,none,2019-10-31-19-05,pos-153-001-003,none,none,none,none,none,./imgs/10.9.1.29_pos-153-001-003_2019-10-31-19-05.jpg,21,True,26791.0,51859.0,0.51661235272566,2039.7635575532913,245,307,3384,30,True,274.3892822265625,203.21926879882812,5.441277503967285,0.6719197816567664
10.9.1.29,none,none,none,none,none,none,2019-10-31-19-05,pos-153-001-003,none,none,none,none,none,./imgs/10.9.1.29_pos-153-001-003_2019-10-31-19-05.jpg,22,True,17796.0,33390.5,0.5329659633728157,1457.8346909284592,211,207,1710,31,True,222.80767822265625,160.7647247314453,138.50830078125,0.6923724129908708
10.9.1.29,none,none,none,none,none,none,2019-10-31-19-05,pos-153-001-003,none,none,none,none,none,./imgs/10.9.1.29_pos-153-001-003_2019-10-31-19-05.jpg,23,True,24118.0,41856.0,0.5762136850152905,1723.3981801271439,292,220,2004,34,True,276.55535888671875,179.4781951904297,111.16822052001953,0.7608076317394892
10.9.1.29,none,none,none,none,none,none,2019-10-26-19-05,pos-153-001-003,none,none,none,none,none,./imgs/10.9.1.29_pos-153-001-003_2019-10-26-19-05.jpg,0,True,5449.0,7344.5,0.7419157192456941,674.3324590921402,91,125,895,26,True,121.02482604980469,76.03229522705078,19.645790100097656,0.7780218812777108
10.9.1.29,none,none,none,none,none,none,2019-10-26-19-05,pos-153-001-003,none,none,none,none,none,./imgs/10.9.1.29_pos-153-001-003_2019-10-26-19-05.jpg,1,True,4063.0,5794.0,0.7012426648256818,608.5997323989868,80,110,1178,22,True,104.38672637939453,68.61458587646484,20.040441513061523,0.7536190786063139
10.9.1.29,none,none,none,none,none,none,2019-10-26-19-05,pos-153-001-003,none,none,none,none,none,./imgs/10.9.1.29_pos-153-001-003_2019-10-26-19-05.jpg,2,True,8565.0,13469.0,0.6359046699829237,753.8965303897858,184,117,1242,27,True,158.15135192871094,97.78556060791016,98.50953674316406,0.7859392961149084
10.9.1.29,none,none,none,none,none,none,2019-10-26-19-05,pos-153-001-003,none,none,none,none,none,./imgs/10.9.1.29_pos-153-001-003_2019-10-26-19-05.jpg,3,True,5827.0,8814.0,0.6611073292489221,766.7564922571182,146,91,1083,21,True,137.4091339111328,71.62723541259766,64.02540588378906,0.8533919192462444
10.9.1.29,none,none,none,none,none,none,2019-10-26-19-05,pos-153-001-003,none,none,none,none,none,./imgs/10.9.1.29_pos-153-001-003_2019-10-26-19-05.jpg,4,True,5033.0,7729.0,0.6511838530210894,482.5168067216873,111,113,1301,23,True,115.90418243408203,91.66314697265625,133.19338989257812,0.612006414972163
10.9.1.29,none,none,none,none,none,none,2019-10-26-19-05,pos-153-001-003,none,none,none,none,none,./imgs/10.9.1.29_pos-153-001-003_2019-10-26-19-05.jpg,6,True,5314.0,8040.0,0.6609452736318407,595.6295045614243,148,84,1010,25,True,128.9486541748047,69.27851867675781,88.0302963256836,0.8434188279986777
10.9.1.29,none,none,none,none,none,none,2019-10-26-19-05,pos-153-001-003,none,none,none,none,none,./imgs/10.9.1.29_pos-153-001-003_2019-10-26-19-05.jpg,7,True,7339.0,10477.0,0.7004867805669562,886.6659368276596,149,121,1107,26,True,156.2070770263672,75.66687774658203,51.49582290649414,0.8748460366935791
10.9.1.29,none,none,none,none,none,none,2019-10-26-19-05,pos-153-001-003,none,none,none,none,none,./imgs/10.9.1.29_pos-153-001-003_2019-10-26-19-05.jpg,8,True,8408.0,12781.0,0.6578514983178155,736.7665876150131,110,186,1916,28,True,170.5254364013672,92.2733383178711,12.592362403869629,0.8409506172728781
10.9.1.29,none,none,none,none,none,none,2019-10-26-19-05,pos-153-001-003,none,none,none,none,none,./imgs/10.9.1.29_pos-153-001-003_2019-10-26-19-05.jpg,9,True,9288.0,13892.0,0.668586236682983,834.9087229967117,116,169,1822,28,True,157.82882690429688,105.30142974853516,10.87553596496582,0.744889764482237
10.9.1.29,none,none,none,none,none,none,2019-10-26-19-05,pos-153-001-003,none,none,none,none,none,./imgs/10.9.1.29_pos-153-001-003_2019-10-26-19-05.jpg,10,True,3478.0,4888.5,0.7114656847703794,468.4561233520508,107,72,726,24,True,94.49330139160156,59.336177825927734,90.3321762084961,0.7782612907683039
10.9.1.29,none,none,none,none,none,none,2019-10-26-19-05,pos-153-001-003,none,none,none,none,none,./imgs/10.9.1.29_pos-153-001-003_2019-10-26-19-05.jpg,11,True,6295.0,9811.5,0.6415940478010498,654.0559107065201,98,147,1122,27,True,142.76075744628906,79.5676498413086,23.493284225463867,0.8302779250847152
10.9.1.29,none,none,none,none,none,none,2019-10-26-19-05,pos-153-001-003,none,none,none,none,none,./imgs/10.9.1.29_pos-153-001-003_2019-10-26-19-05.jpg,12,True,6943.0,9765.0,0.7110087045570916,670.3401814699173,123,141,1488,25,True,142.19570922851562,87.4773941040039,144.57034301757812,0.7883787970728323
10.9.1.29,none,none,none,none,none,none,2019-10-26-19-05,pos-153-001-003,none,none,none,none,none,./imgs/10.9.1.29_pos-153-001-003_2019-10-26-19-05.jpg,13,True,8278.0,12938.5,0.6397959578003632,902.1408559083939,128,161,1677,24,True,160.37355041503906,97.64599609375,153.7070770263672,0.7932731181673435
10.9.1.29,none,none,none,none,none,none,2019-10-26-19-05,pos-153-001-003,none,none,none,none,none,./imgs/10.9.1.29_pos-153-001-003_2019-10-26-19-05.jpg,14,True,7572.0,10625.0,0.7126588235294118,680.7838325500488,132,124,1111,27,True,148.58413696289062,87.09193420410156,127.0279541015625,0.8102057556089616
10.9.1.29,none,none,none,none,none,none,2019-10-26-19-05,pos-153-001-003,none,none,none,none,none,./imgs/10.9.1.29_pos-153-001-003_2019-10-26-19-05.jpg,15,True,8973.0,12738.0,0.704427696655676,841.6782749891281,145,139,1199,30,True,158.40191650390625,87.32972717285156,45.99225616455078,0.8342956090996312
10.9.1.29,none,none,none,none,none,none,2019-10-26-19-05,pos-153-001-003,none,none,none,none,none,./imgs/10.9.1.29_pos-153-001-003_2019-10-26-19-05.jpg,16,True,5237.0,7300.5,0.7173481268406273,772.8352335691452,121,84,774,27,True,112.65031433105469,77.31647491455078,84.91815948486328,0.727280341752491
10.9.1.29,none,none,none,none,none,none,2019-10-26-19-05,pos-153-001-003,none,none,none,none,none,./imgs/10.9.1.29_pos-153-001-003_2019-10-26-19-05.jpg,18,True,5685.0,8680.5,0.6549161914636253,800.732491850853,89,143,1529,25,True,133.65992736816406,81.19990539550781,7.3065409660339355,0.7943110970473443
10.9.1.29,none,none,none,none,none,none,2019-10-26-19-05,pos-153-001-003,none,none,none,none,none,./imgs/10.9.1.29_pos-153-001-003_2019-10-26-19-05.jpg,19,True,6426.0,9081.5,0.7075923580906238,667.4112491607666,109,127,1063,26,True,133.88711547851562,73.37894439697266,39.58652114868164,0.836435243758203
10.9.1.29,none,none,none,none,none,none,2019-10-26-19-05,pos-153-001-003,none,none,none,none,none,./imgs/10.9.1.29_pos-153-001-003_2019-10-26-19-05.jpg,20,True,5583.0,9640.0,0.579149377593361,760.703619480133,147,100,983,27,True,138.74374389648438,85.13239288330078,101.79585266113281,0.7896213246108117
10.9.1.29,none,none,none,none,none,none,2019-10-26-19-05,pos-153-001-003,none,none,none,none,none,./imgs/10.9.1.29_pos-153-001-003_2019-10-26-19-05.jpg,21,True,7664.0,12276.0,0.6243075920495276,798.6660823822021,164,108,1146,27,True,150.13632202148438,93.38426971435547,107.09190368652344,0.7830200061350809
10.9.1.29,none,none,none,none,none,none,2019-10-26-19-05,pos-153-001-003,none,none,none,none,none,./imgs/10.9.1.29_pos-153-001-003_2019-10-26-19-05.jpg,22,True,4116.0,5870.0,0.7011925042589437,509.73000979423523,93,103,860,22,True,115.24127197265625,56.31486129760742,40.03944778442383,0.8724691418663069
10.9.1.29,none,none,none,none,none,none,2019-10-26-19-05,pos-153-001-003,none,none,none,none,none,./imgs/10.9.1.29_pos-153-001-003_2019-10-26-19-05.jpg,23,True,7104.0,10140.5,0.7005571717370939,735.3107439279556,91,152,1534,27,True,137.51937866210938,84.38803100585938,174.54710388183594,0.789582322092504
10.9.1.29,none,none,none,none,none,none,2019-10-22-19-05,pos-153-001-003,none,none,none,none,none,./imgs/10.9.1.29_pos-153-001-003_2019-10-22-19-05.jpg,0,True,1495.0,1989.5,0.7514450867052023,325.3390842676163,53,57,372,22,True,55.41696548461914,43.844337463378906,28.96771812438965,0.6115940359604178
10.9.1.29,none,none,none,none,none,none,2019-10-22-19-05,pos-153-001-003,none,none,none,none,none,./imgs/10.9.1.29_pos-153-001-003_2019-10-22-19-05.jpg,1,True,1374.0,1758.0,0.7815699658703071,287.0825517177582,53,51,359,23,True,51.35326385498047,41.05043411254883,43.19646453857422,0.6008345335844892
10.9.1.29,none,none,none,none,none,none,2019-10-22-19-05,pos-153-001-003,none,none,none,none,none,./imgs/10.9.1.29_pos-153-001-003_2019-10-22-19-05.jpg,2,True,3100.0,4234.0,0.7321681624940954,348.04877042770386,86,82,919,24,True,81.87190246582031,61.27450180053711,53.18882751464844,0.6632260072092206
10.9.1.29,none,none,none,none,none,none,2019-10-22-19-05,pos-153-001-003,none,none,none,none,none,./imgs/10.9.1.29_pos-153-001-003_2019-10-22-19-05.jpg,3,True,1709.0,1918.5,0.8908001042481105,221.5807341337204,42,62,428,16,True,59.48851776123047,38.98523712158203,170.96383666992188,0.7553335566099367
10.9.1.29,none,none,none,none,none,none,2019-10-22-19-05,pos-153-001-003,none,none,none,none,none,./imgs/10.9.1.29_pos-153-001-003_2019-10-22-19-05.jpg,4,True,1840.0,2335.0,0.7880085653104925,345.821515917778,54,53,407,20,True,56.25040054321289,49.825897216796875,118.04849243164062,0.4640912034630467
10.9.1.29,none,none,none,none,none,none,2019-10-22-19-05,pos-153-001-003,none,none,none,none,none,./imgs/10.9.1.29_pos-153-001-003_2019-10-22-19-05.jpg,5,True,113.0,105.5,1.0710900473933649,40.14213538169861,13,12,83,12,True,12.229668617248535,10.844943046569824,125.23908996582031,0.46220471040543887
10.9.1.29,none,none,none,none,none,none,2019-10-22-19-05,pos-153-001-003,none,none,none,none,none,./imgs/10.9.1.29_pos-153-001-003_2019-10-22-19-05.jpg,6,True,1521.0,1891.0,0.8043363299841354,239.48022890090942,52,58,624,21,True,50.526607513427734,42.898536682128906,21.602581024169922,0.5283468316069155
10.9.1.29,none,none,none,none,none,none,2019-10-22-19-05,pos-153-001-003,none,none,none,none,none,./imgs/10.9.1.29_pos-153-001-003_2019-10-22-19-05.jpg,7,True,2337.0,3016.0,0.774867374005305,306.0071402788162,59,75,827,18,True,68.69932556152344,50.81159973144531,4.731922626495361,0.6730214342759989
10.9.1.29,none,none,none,none,none,none,2019-10-22-19-05,pos-153-001-003,none,none,none,none,none,./imgs/10.9.1.29_pos-153-001-003_2019-10-22-19-05.jpg,8,True,2788.0,3691.5,0.7552485439523229,388.67618703842163,73,79,870,21,True,69.3449478149414,60.86863708496094,1.0826085805892944,0.47908961461598004
10.9.1.29,none,none,none,none,none,none,2019-10-22-19-05,pos-153-001-003,none,none,none,none,none,./imgs/10.9.1.29_pos-153-001-003_2019-10-22-19-05.jpg,9,True,2946.0,4118.5,0.7153089717130023,421.1614682674408,89,73,616,20,True,75.30066680908203,62.15190124511719,80.39984130859375,0.564572991537849
10.9.1.29,none,none,none,none,none,none,2019-10-22-19-05,pos-153-001-003,none,none,none,none,none,./imgs/10.9.1.29_pos-153-001-003_2019-10-22-19-05.jpg,10,True,973.0,1087.5,0.894712643678161,147.88224983215332,35,48,514,18,True,43.634544372558594,29.521268844604492,14.722283363342285,0.7363900060370154
10.9.1.29,none,none,none,none,none,none,2019-10-22-19-05,pos-153-001-003,none,none,none,none,none,./imgs/10.9.1.29_pos-153-001-003_2019-10-22-19-05.jpg,11,True,1848.0,2199.5,0.8401909524892021,249.722869515419,63,51,502,22,True,62.934391021728516,42.09199142456055,120.49323272705078,0.7434213483458155
10.9.1.29,none,none,none,none,none,none,2019-10-22-19-05,pos-153-001-003,none,none,none,none,none,./imgs/10.9.1.29_pos-153-001-003_2019-10-22-19-05.jpg,12,True,2172.0,2601.5,0.8349029406111859,297.8650048971176,54,60,438,25,True,60.612728118896484,51.67795181274414,175.7422637939453,0.5225764882681729
10.9.1.29,none,none,none,none,none,none,2019-10-22-19-05,pos-153-001-003,none,none,none,none,none,./imgs/10.9.1.29_pos-153-001-003_2019-10-22-19-05.jpg,13,True,2674.0,3461.5,0.7724974721941354,335.3208485841751,78,66,557,21,True,68.33505249023438,59.46049880981445,84.74457550048828,0.4928191733671144
10.9.1.29,none,none,none,none,none,none,2019-10-22-19-05,pos-153-001-003,none,none,none,none,none,./imgs/10.9.1.29_pos-153-001-003_2019-10-22-19-05.jpg,14,True,2512.0,3355.0,0.7487332339791356,396.3919162750244,61,65,819,22,True,63.08070373535156,61.03371810913086,61.920352935791016,0.2526806533154086
10.9.1.29,none,none,none,none,none,none,2019-10-22-19-05,pos-153-001-003,none,none,none,none,none,./imgs/10.9.1.29_pos-153-001-003_2019-10-22-19-05.jpg,15,True,2837.0,4136.0,0.6859284332688588,445.78888487815857,68,71,609,20,True,72.97075653076172,65.8857421875,129.20303344726562,0.4298378182265502
10.9.1.29,none,none,none,none,none,none,2019-10-22-19-05,pos-153-001-003,none,none,none,none,none,./imgs/10.9.1.29_pos-153-001-003_2019-10-22-19-05.jpg,16,True,1656.0,2150.5,0.7700534759358288,265.0365778207779,50,60,699,18,True,55.8776741027832,45.424652099609375,27.94880485534668,0.5823610507681565
10.9.1.29,none,none,none,none,none,none,2019-10-22-19-05,pos-153-001-003,none,none,none,none,none,./imgs/10.9.1.29_pos-153-001-003_2019-10-22-19-05.jpg,18,True,2116.0,2710.5,0.7806677734735289,312.83556735515594,64,59,469,19,True,57.817420959472656,54.438751220703125,83.6028060913086,0.33683659633036106
10.9.1.29,none,none,none,none,none,none,2019-10-22-19-05,pos-153-001-003,none,none,none,none,none,./imgs/10.9.1.29_pos-153-001-003_2019-10-22-19-05.jpg,19,True,2217.0,2947.5,0.7521628498727735,326.4924215078354,62,62,479,18,True,62.54076385498047,57.753883361816406,96.23797607421875,0.38369510857617206
10.9.1.29,none,none,none,none,none,none,2019-10-22-19-05,pos-153-001-003,none,none,none,none,none,./imgs/10.9.1.29_pos-153-001-003_2019-10-22-19-05.jpg,20,True,1716.0,2087.5,0.8220359281437126,257.9655101299286,56,56,408,20,True,53.40282440185547,45.62984848022461,128.31361389160156,0.5195396347535854
10.9.1.29,none,none,none,none,none,none,2019-10-22-19-05,pos-153-001-003,none,none,none,none,none,./imgs/10.9.1.29_pos-153-001-003_2019-10-22-19-05.jpg,21,True,2492.0,3497.0,0.7126108092650844,429.09142792224884,64,76,840,20,True,72.8279037475586,59.92877197265625,164.0981903076172,0.5682122791403481
10.9.1.29,none,none,none,none,none,none,2019-10-22-19-05,pos-153-001-003,none,none,none,none,none,./imgs/10.9.1.29_pos-153-001-003_2019-10-22-19-05.jpg,22,True,1267.0,1427.0,0.8878766643307638,172.02438521385193,43,48,586,22,True,52.91848373413086,32.05382537841797,134.00830078125,0.7956772798036255
10.9.1.29,none,none,none,none,none,none,2019-10-22-19-05,pos-153-001-003,none,none,none,none,none,./imgs/10.9.1.29_pos-153-001-003_2019-10-22-19-05.jpg,23,True,2423.0,3480.0,0.6962643678160919,362.19090580940247,77,74,502,20,True,66.9958724975586,61.67609405517578,118.14368438720703,0.3905176745347609
10.9.1.29,none,none,none,none,none,none,2019-10-28-19-05,pos-153-001-003,none,none,none,none,none,./imgs/10.9.1.29_pos-153-001-003_2019-10-28-19-05.jpg,0,True,9137.0,15439.0,0.5918129412526718,1098.8772968053818,172,143,1232,27,True,170.6992645263672,103.65869903564453,52.83289337158203,0.7945037837913604
10.9.1.29,none,none,none,none,none,none,2019-10-28-19-05,pos-153-001-003,none,none,none,none,none,./imgs/10.9.1.29_pos-153-001-003_2019-10-28-19-05.jpg,1,True,5412.0,6989.0,0.7743597081127486,652.9165571928024,102,107,701,27,True,96.50347137451172,94.17200469970703,132.51031494140625,0.2184837241532849
10.9.1.29,none,none,none,none,none,none,2019-10-28-19-05,pos-153-001-003,none,none,none,none,none,./imgs/10.9.1.29_pos-153-001-003_2019-10-28-19-05.jpg,2,True,15259.0,27882.0,0.5472706405566315,1220.9991235733032,209,213,2256,23,True,193.43756103515625,170.649169921875,171.0122528076172,0.47088889686437907
10.9.1.29,none,none,none,none,none,none,2019-10-28-19-05,pos-153-001-003,none,none,none,none,none,./imgs/10.9.1.29_pos-153-001-003_2019-10-28-19-05.jpg,3,True,9807.0,16519.0,0.5936800048429082,1127.1729726791382,206,121,1401,27,True,185.0446014404297,106.71261596679688,84.31846618652344,0.8169659425391178
10.9.1.29,none,none,none,none,none,none,2019-10-28-19-05,pos-153-001-003,none,none,none,none,none,./imgs/10.9.1.29_pos-153-001-003_2019-10-28-19-05.jpg,4,True,9843.0,17729.0,0.5551920582097128,936.991983294487,146,169,1983,25,True,161.128662109375,131.7158966064453,178.4486846923828,0.5759883622169498
10.9.1.29,none,none,none,none,none,none,2019-10-28-19-05,pos-153-001-003,none,none,none,none,none,./imgs/10.9.1.29_pos-153-001-003_2019-10-28-19-05.jpg,6,True,9871.0,16876.0,0.584913486608201,950.2640614509583,188,146,1204,29,True,176.61285400390625,118.08818817138672,109.1780014038086,0.7435976327296809
10.9.1.29,none,none,none,none,none,none,2019-10-28-19-05,pos-153-001-003,none,none,none,none,none,./imgs/10.9.1.29_pos-153-001-003_2019-10-28-19-05.jpg,7,True,12682.0,22525.0,0.5630188679245283,1374.8378238677979,212,140,1600,29,True,204.3336639404297,126.02096557617188,74.2186508178711,0.7871660779154316
10.9.1.29,none,none,none,none,none,none,2019-10-28-19-05,pos-153-001-003,none,none,none,none,none,./imgs/10.9.1.29_pos-153-001-003_2019-10-28-19-05.jpg,8,True,14647.0,24499.0,0.597861137189273,1153.7442903518677,182,221,2359,27,True,206.3394012451172,154.26467895507812,28.93019676208496,0.6641201136007581
10.9.1.29,none,none,none,none,none,none,2019-10-28-19-05,pos-153-001-003,none,none,none,none,none,./imgs/10.9.1.29_pos-153-001-003_2019-10-28-19-05.jpg,9,True,16065.0,29009.0,0.5537936502464752,1253.626540184021,207,208,1507,26,True,213.8225860595703,157.0354766845703,152.15589904785156,0.6786958069844105
10.9.1.29,none,none,none,none,none,none,2019-10-28-19-05,pos-153-001-003,none,none,none,none,none,./imgs/10.9.1.29_pos-153-001-003_2019-10-28-19-05.jpg,10,True,6229.0,9213.5,0.6760731535247192,754.5903577804565,154,96,1032,23,True,133.1883544921875,79.7745361328125,93.84671020507812,0.800778723926438
10.9.1.29,none,none,none,none,none,none,2019-10-28-19-05,pos-153-001-003,none,none,none,none,none,./imgs/10.9.1.29_pos-153-001-003_2019-10-28-19-05.jpg,11,True,10832.0,19001.5,0.5700602584006526,1023.3178842067719,178,185,1264,32,True,193.19931030273438,125.17430877685547,41.53155517578125,0.7617233092809592
10.9.1.29,none,none,none,none,none,none,2019-10-28-19-05,pos-153-001-003,none,none,none,none,none,./imgs/10.9.1.29_pos-153-001-003_2019-10-28-19-05.jpg,12,True,12224.0,20115.0,0.6077056922694507,1051.1757488250732,189,170,1935,27,True,185.11245727539062,124.77949523925781,116.33416748046875,0.7386638188820744
10.9.1.29,none,none,none,none,none,none,2019-10-28-19-05,pos-153-001-003,none,none,none,none,none,./imgs/10.9.1.29_pos-153-001-003_2019-10-28-19-05.jpg,13,True,14548.0,25965.0,0.5602927017138456,1164.714852809906,180,197,2195,31,True,199.55697631835938,155.5928497314453,6.188272953033447,0.6261640258719793
10.9.1.29,none,none,none,none,none,none,2019-10-28-19-05,pos-153-001-003,none,none,none,none,none,./imgs/10.9.1.29_pos-153-001-003_2019-10-28-19-05.jpg,14,True,12891.0,22310.5,0.5777996907285807,1307.4378944635391,199,161,1365,25,True,186.46441650390625,146.24200439453125,91.32807922363281,0.6203955590943702
10.9.1.29,none,none,none,none,none,none,2019-10-28-19-05,pos-153-001-003,none,none,none,none,none,./imgs/10.9.1.29_pos-153-001-003_2019-10-28-19-05.jpg,15,True,15891.0,27042.5,0.5876305814920958,1097.9869309663773,181,202,1518,33,True,190.0816650390625,170.44461059570312,16.810836791992188,0.4426560513308177
10.9.1.29,none,none,none,none,none,none,2019-10-28-19-05,pos-153-001-003,none,none,none,none,none,./imgs/10.9.1.29_pos-153-001-003_2019-10-28-19-05.jpg,16,True,9429.0,16838.0,0.5599833709466683,1084.0957735776901,168,155,1167,29,True,171.51968383789062,112.77752685546875,122.70098876953125,0.7534375773987836
10.9.1.29,none,none,none,none,none,none,2019-10-28-19-05,pos-153-001-003,none,none,none,none,none,./imgs/10.9.1.29_pos-153-001-003_2019-10-28-19-05.jpg,18,True,11002.0,18790.0,0.585524215007983,1226.675728917122,160,186,2050,30,True,188.23977661132812,116.3388900756836,153.64483642578125,0.7861500826948435
10.9.1.29,none,none,none,none,none,none,2019-10-28-19-05,pos-153-001-003,none,none,none,none,none,./imgs/10.9.1.29_pos-153-001-003_2019-10-28-19-05.jpg,19,True,10948.0,18667.5,0.586473818133119,1110.6732226610184,184,151,1356,25,True,178.36163330078125,121.05772399902344,65.98149108886719,0.7343965392782463
10.9.1.29,none,none,none,none,none,none,2019-10-28-19-05,pos-153-001-003,none,none,none,none,none,./imgs/10.9.1.29_pos-153-001-003_2019-10-28-19-05.jpg,20,True,9840.0,19036.0,0.5169153183441899,1083.907802939415,184,165,1859,29,True,172.4960174560547,137.17123413085938,84.04095458984375,0.6063289720208932
10.9.1.29,none,none,none,none,none,none,2019-10-28-19-05,pos-153-001-003,none,none,none,none,none,./imgs/10.9.1.29_pos-153-001-003_2019-10-28-19-05.jpg,21,True,13697.0,24564.5,0.5575932748478495,1404.9836782217026,198,190,1404,31,True,190.7279815673828,153.92935180664062,72.79524230957031,0.5904663772765822
10.9.1.29,none,none,none,none,none,none,2019-10-28-19-05,pos-153-001-003,none,none,none,none,none,./imgs/10.9.1.29_pos-153-001-003_2019-10-28-19-05.jpg,22,True,7488.0,12496.0,0.5992317541613317,760.4234417676926,132,122,1088,28,True,139.23060607910156,107.9880599975586,52.23130416870117,0.631217637240752
10.9.1.29,none,none,none,none,none,none,2019-10-28-19-05,pos-153-001-003,none,none,none,none,none,./imgs/10.9.1.29_pos-153-001-003_2019-10-28-19-05.jpg,23,True,11769.0,19634.5,0.5994041101123023,1312.4373798370361,169,174,1195,31,True,162.66604614257812,131.4345245361328,36.43130111694336,0.5891794556922195
10.9.1.29,none,none,none,none,none,none,2019-10-29-19-05,pos-153-001-003,none,none,none,none,none,./imgs/10.9.1.29_pos-153-001-003_2019-10-29-19-05.jpg,0,True,13188.0,24076.0,0.5477654095364679,1267.3243215084076,233,155,1545,30,True,201.40878295898438,133.78802490234375,75.88917541503906,0.7475006065750477
10.9.1.29,none,none,none,none,none,none,2019-10-29-19-05,pos-153-001-003,none,none,none,none,none,./imgs/10.9.1.29_pos-153-001-003_2019-10-29-19-05.jpg,1,True,7241.0,10144.0,0.713820977917981,699.269113779068,123,121,821,27,True,113.75768280029297,109.39631652832031,125.11688995361328,0.2742413136558158
10.9.1.29,none,none,none,none,none,none,2019-10-29-19-05,pos-153-001-003,none,none,none,none,none,./imgs/10.9.1.29_pos-153-001-003_2019-10-29-19-05.jpg,2,True,19229.0,35249.0,0.5455190218162217,1696.6149646043777,205,235,2534,29,True,227.73841857910156,180.72349548339844,11.916617393493652,0.6084954687167176
10.9.1.29,none,none,none,none,none,none,2019-10-29-19-05,pos-153-001-003,none,none,none,none,none,./imgs/10.9.1.29_pos-153-001-003_2019-10-29-19-05.jpg,3,True,13604.0,23483.0,0.5793126942894861,1534.6468497514725,230,155,1553,26,True,205.12899780273438,134.707763671875,90.94304656982422,0.7541538212050612
10.9.1.29,none,none,none,none,none,none,2019-10-29-19-05,pos-153-001-003,none,none,none,none,none,./imgs/10.9.1.29_pos-153-001-003_2019-10-29-19-05.jpg,4,True,13097.0,22753.5,0.5756037532687279,1093.4600195884705,156,207,2398,28,True,185.9077606201172,141.30592346191406,14.521305084228516,0.6498222583223865
10.9.1.29,none,none,none,none,none,none,2019-10-29-19-05,pos-153-001-003,none,none,none,none,none,./imgs/10.9.1.29_pos-153-001-003_2019-10-29-19-05.jpg,6,True,14081.0,25965.0,0.5423069516657039,1210.614347577095,216,203,1384,31,True,201.26219177246094,154.11529541015625,130.65615844726562,0.6431456144924298
10.9.1.29,none,none,none,none,none,none,2019-10-29-19-05,pos-153-001-003,none,none,none,none,none,./imgs/10.9.1.29_pos-153-001-003_2019-10-29-19-05.jpg,7,True,16453.0,29520.5,0.5573415084432852,1665.1402345895767,231,147,1842,33,True,228.59230041503906,143.91439819335938,82.1025390625,0.7769453834975967
10.9.1.29,none,none,none,none,none,none,2019-10-29-19-05,pos-153-001-003,none,none,none,none,none,./imgs/10.9.1.29_pos-153-001-003_2019-10-29-19-05.jpg,8,True,17666.0,30656.0,0.5762656576200418,1271.626540184021,197,233,2427,26,True,207.6721954345703,183.94064331054688,11.577674865722656,0.46420859605309583
10.9.1.29,none,none,none,none,none,none,2019-10-29-19-05,pos-153-001-003,none,none,none,none,none,./imgs/10.9.1.29_pos-153-001-003_2019-10-29-19-05.jpg,9,True,21130.0,38771.5,0.5449879421740196,1456.3788472414017,254,225,1907,29,True,229.6431427001953,185.41500854492188,129.58567810058594,0.5899976762665861
10.9.1.29,none,none,none,none,none,none,2019-10-29-19-05,pos-153-001-003,none,none,none,none,none,./imgs/10.9.1.29_pos-153-001-003_2019-10-29-19-05.jpg,10,True,8795.0,14497.5,0.6066563200551819,934.6590086221695,177,135,1226,23,True,147.60043334960938,113.23255157470703,92.42139434814453,0.6414606292993796
10.9.1.29,none,none,none,none,none,none,2019-10-29-19-05,pos-153-001-003,none,none,none,none,none,./imgs/10.9.1.29_pos-153-001-003_2019-10-29-19-05.jpg,11,True,14002.0,25882.0,0.5409937408237385,1321.821334719658,207,204,1524,28,True,212.42105102539062,139.29518127441406,54.10505676269531,0.7549777888779563
10.9.1.29,none,none,none,none,none,none,2019-10-29-19-05,pos-153-001-003,none,none,none,none,none,./imgs/10.9.1.29_pos-153-001-003_2019-10-29-19-05.jpg,12,True,15612.0,28479.5,0.5481837813163855,1402.4836527109146,221,187,1484,28,True,195.25144958496094,156.06546020507812,96.5098648071289,0.6009255482696817
10.9.1.29,none,none,none,none,none,none,2019-10-29-19-05,pos-153-001-003,none,none,none,none,none,./imgs/10.9.1.29_pos-153-001-003_2019-10-29-19-05.jpg,13,True,19328.0,35455.0,0.5451417289521929,1336.739238023758,204,220,2505,31,True,218.81231689453125,182.2333984375,18.509244918823242,0.5535292892307243
10.9.1.29,none,none,none,none,none,none,2019-10-29-19-05,pos-153-001-003,none,none,none,none,none,./imgs/10.9.1.29_pos-153-001-003_2019-10-29-19-05.jpg,14,True,16600.0,29235.0,0.5678125534462117,1525.0010460615158,211,209,1475,24,True,213.85299682617188,173.10598754882812,69.32368469238281,0.5871715378609957
10.9.1.29,none,none,none,none,none,none,2019-10-29-19-05,pos-153-001-003,none,none,none,none,none,./imgs/10.9.1.29_pos-153-001-003_2019-10-29-19-05.jpg,15,True,20093.0,36373.5,0.5524076594223817,1433.650925397873,234,214,1603,34,True,224.1217498779297,190.78399658203125,86.6388931274414,0.5247577780499222
10.9.1.29,none,none,none,none,none,none,2019-10-29-19-05,pos-153-001-003,none,none,none,none,none,./imgs/10.9.1.29_pos-153-001-003_2019-10-29-19-05.jpg,16,True,12577.0,23127.0,0.5438232369092403,1152.815358042717,180,194,1378,27,True,190.8983612060547,134.5030517578125,133.76284790039062,0.7096251663980235
10.9.1.29,none,none,none,none,none,none,2019-10-29-19-05,pos-153-001-003,none,none,none,none,none,./imgs/10.9.1.29_pos-153-001-003_2019-10-29-19-05.jpg,18,True,14158.0,25930.0,0.5460084843810259,1468.5836926698685,207,199,1515,27,True,211.38754272460938,138.04811096191406,138.53526306152344,0.7573087722618073
10.9.1.29,none,none,none,none,none,none,2019-10-29-19-05,pos-153-001-003,none,none,none,none,none,./imgs/10.9.1.29_pos-153-001-003_2019-10-29-19-05.jpg,19,True,15163.0,27151.5,0.5584590169972193,1270.9402484893799,208,167,1525,28,True,200.7417449951172,160.62796020507812,92.13595581054688,0.5997703547235316
10.9.1.29,none,none,none,none,none,none,2019-10-29-19-05,pos-153-001-003,none,none,none,none,none,./imgs/10.9.1.29_pos-153-001-003_2019-10-29-19-05.jpg,20,True,12935.0,24794.0,0.5216987980963136,1308.408601641655,195,206,2345,29,True,190.08523559570312,154.38511657714844,55.01113510131836,0.5833945545977458
10.9.1.29,none,none,none,none,none,none,2019-10-29-19-05,pos-153-001-003,none,none,none,none,none,./imgs/10.9.1.29_pos-153-001-003_2019-10-29-19-05.jpg,21,True,16882.0,32818.5,0.5144049849932203,1475.9351961612701,210,232,2453,28,True,215.6459503173828,173.23919677734375,47.135498046875,0.5955070185908846
10.9.1.29,none,none,none,none,none,none,2019-10-29-19-05,pos-153-001-003,none,none,none,none,none,./imgs/10.9.1.29_pos-153-001-003_2019-10-29-19-05.jpg,22,True,10106.0,18669.0,0.5413251914939204,948.2468165159225,159,155,1895,28,True,153.1463165283203,147.0596160888672,65.24466705322266,0.2791219841844563
10.9.1.29,none,none,none,none,none,none,2019-10-29-19-05,pos-153-001-003,none,none,none,none,none,./imgs/10.9.1.29_pos-153-001-003_2019-10-29-19-05.jpg,23,True,14805.0,23750.0,0.6233684210526316,1162.9574934244156,191,186,1297,30,True,182.4343719482422,159.09848022460938,58.68593978881836,0.48935246137057375
10.9.1.29,none,none,none,none,none,none,2019-10-23-19-05,pos-153-001-003,none,none,none,none,none,./imgs/10.9.1.29_pos-153-001-003_2019-10-23-19-05.jpg,0,True,1867.0,2454.5,0.7606437156243634,349.6778757572174,59,58,434,21,True,62.67202377319336,50.79676818847656,138.3472900390625,0.5857145051299965
10.9.1.29,none,none,none,none,none,none,2019-10-23-19-05,pos-153-001-003,none,none,none,none,none,./imgs/10.9.1.29_pos-153-001-003_2019-10-23-19-05.jpg,1,True,1790.0,2491.0,0.718586912886391,346.2844841480255,65,63,479,19,True,64.11701965332031,49.01274871826172,43.641151428222656,0.644710889472152
10.9.1.29,none,none,none,none,none,none,2019-10-23-19-05,pos-153-001-003,none,none,none,none,none,./imgs/10.9.1.29_pos-153-001-003_2019-10-23-19-05.jpg,2,True,4020.0,5735.5,0.7008979164850493,416.534051656723,115,78,791,20,True,107.26599884033203,61.273746490478516,75.97557067871094,0.8207888058134946
10.9.1.29,none,none,none,none,none,none,2019-10-23-19-05,pos-153-001-003,none,none,none,none,none,./imgs/10.9.1.29_pos-153-001-003_2019-10-23-19-05.jpg,3,True,2381.0,3353.5,0.7100044729387207,414.9946401119232,68,71,497,18,True,65.64643859863281,60.011474609375,23.770212173461914,0.40534920354139137
10.9.1.29,none,none,none,none,none,none,2019-10-23-19-05,pos-153-001-003,none,none,none,none,none,./imgs/10.9.1.29_pos-153-001-003_2019-10-23-19-05.jpg,4,True,2543.0,3435.0,0.7403202328966522,414.00698375701904,73,66,575,23,True,79.51204681396484,52.59874725341797,131.00985717773438,0.7499282102297102
10.9.1.29,none,none,none,none,none,none,2019-10-23-19-05,pos-153-001-003,none,none,none,none,none,./imgs/10.9.1.29_pos-153-001-003_2019-10-23-19-05.jpg,5,True,82.0,74.0,1.1081081081081081,34.14213538169861,12,10,72,11,True,11.171101570129395,8.198413848876953,110.40412139892578,0.6792630987511127
10.9.1.29,none,none,none,none,none,none,2019-10-23-19-05,pos-153-001-003,none,none,none,none,none,./imgs/10.9.1.29_pos-153-001-003_2019-10-23-19-05.jpg,6,True,2142.0,3037.5,0.7051851851851851,359.9482651948929,73,65,515,23,True,63.59340286254883,54.1644401550293,95.93313598632812,0.5239801266240737
10.9.1.29,none,none,none,none,none,none,2019-10-23-19-05,pos-153-001-003,none,none,none,none,none,./imgs/10.9.1.29_pos-153-001-003_2019-10-23-19-05.jpg,7,True,3331.0,4559.0,0.7306426847992981,406.57568180561066,82,85,589,22,True,84.51956939697266,63.13379669189453,33.53361129760742,0.6648548996365543
10.9.1.29,none,none,none,none,none,none,2019-10-23-19-05,pos-153-001-003,none,none,none,none,none,./imgs/10.9.1.29_pos-153-001-003_2019-10-23-19-05.jpg,8,True,3805.0,5694.0,0.668247277836319,548.6608067750931,78,111,1235,25,True,100.714599609375,63.96726608276367,12.851692199707031,0.7724019726872196
10.9.1.29,none,none,none,none,none,none,2019-10-23-19-05,pos-153-001-003,none,none,none,none,none,./imgs/10.9.1.29_pos-153-001-003_2019-10-23-19-05.jpg,9,True,4041.0,6382.0,0.633187088686932,533.1442233324051,98,104,1189,20,True,93.02899932861328,77.7711410522461,32.103179931640625,0.548747494692012
10.9.1.29,none,none,none,none,none,none,2019-10-23-19-05,pos-153-001-003,none,none,none,none,none,./imgs/10.9.1.29_pos-153-001-003_2019-10-23-19-05.jpg,10,True,1405.0,1828.0,0.7685995623632386,315.05204224586487,52,56,607,17,True,49.290855407714844,43.714778900146484,24.706689834594727,0.4620113410832003
10.9.1.29,none,none,none,none,none,none,2019-10-23-19-05,pos-153-001-003,none,none,none,none,none,./imgs/10.9.1.29_pos-153-001-003_2019-10-23-19-05.jpg,11,True,2576.0,3542.0,0.7272727272727273,437.4612194299698,67,70,500,23,True,69.44937896728516,58.936649322509766,163.9684295654297,0.5289909757646059
10.9.1.29,none,none,none,none,none,none,2019-10-23-19-05,pos-153-001-003,none,none,none,none,none,./imgs/10.9.1.29_pos-153-001-003_2019-10-23-19-05.jpg,12,True,2987.0,4068.0,0.734267453294002,367.7056245803833,66,84,926,23,True,83.38077545166016,58.616661071777344,159.01092529296875,0.7111901334315333
10.9.1.29,none,none,none,none,none,none,2019-10-23-19-05,pos-153-001-003,none,none,none,none,none,./imgs/10.9.1.29_pos-153-001-003_2019-10-23-19-05.jpg,13,True,3724.0,5803.5,0.641681743775308,693.4270004034042,91,99,1081,25,True,96.79786682128906,72.8456039428711,145.5507049560547,0.6585307553932087
10.9.1.29,none,none,none,none,none,none,2019-10-23-19-05,pos-153-001-003,none,none,none,none,none,./imgs/10.9.1.29_pos-153-001-003_2019-10-23-19-05.jpg,14,True,3336.0,4831.5,0.6904687985097796,553.8893901109695,75,80,1049,23,True,86.2391357421875,64.91902160644531,143.85467529296875,0.658273181060993
10.9.1.29,none,none,none,none,none,none,2019-10-23-19-05,pos-153-001-003,none,none,none,none,none,./imgs/10.9.1.29_pos-153-001-003_2019-10-23-19-05.jpg,15,True,3885.0,6075.0,0.6395061728395062,619.1856664419174,91,81,692,19,True,91.53311920166016,76.79061126708984,56.39350509643555,0.5442270158665292
10.9.1.29,none,none,none,none,none,none,2019-10-23-19-05,pos-153-001-003,none,none,none,none,none,./imgs/10.9.1.29_pos-153-001-003_2019-10-23-19-05.jpg,16,True,2323.0,3258.5,0.7129047107564831,384.9188276529312,67,69,790,22,True,64.08960723876953,60.69135284423828,123.19529724121094,0.3213027886623069
10.9.1.29,none,none,none,none,none,none,2019-10-23-19-05,pos-153-001-003,none,none,none,none,none,./imgs/10.9.1.29_pos-153-001-003_2019-10-23-19-05.jpg,18,True,2655.0,3690.5,0.7194147134534616,458.709063410759,65,85,910,23,True,77.11399841308594,55.82820129394531,0.509424090385437,0.6898317310822829
10.9.1.29,none,none,none,none,none,none,2019-10-23-19-05,pos-153-001-003,none,none,none,none,none,./imgs/10.9.1.29_pos-153-001-003_2019-10-23-19-05.jpg,19,True,2934.0,4261.5,0.6884899683210137,522.2387667894363,72,73,624,21,True,77.36235046386719,62.623390197753906,46.190696716308594,0.5871454064773435
10.9.1.29,none,none,none,none,none,none,2019-10-23-19-05,pos-153-001-003,none,none,none,none,none,./imgs/10.9.1.29_pos-153-001-003_2019-10-23-19-05.jpg,20,True,2271.0,2892.0,0.7852697095435685,321.66399443149567,73,58,536,22,True,75.06306457519531,44.65411376953125,122.5465316772461,0.8038086267888205
10.9.1.29,none,none,none,none,none,none,2019-10-23-19-05,pos-153-001-003,none,none,none,none,none,./imgs/10.9.1.29_pos-153-001-003_2019-10-23-19-05.jpg,21,True,3599.0,5543.5,0.6492288265536214,495.9310202598572,95,91,687,21,True,97.48612213134766,71.45084381103516,125.53722381591797,0.6803002997735543
10.9.1.29,none,none,none,none,none,none,2019-10-23-19-05,pos-153-001-003,none,none,none,none,none,./imgs/10.9.1.29_pos-153-001-003_2019-10-23-19-05.jpg,22,True,1907.0,2327.0,0.8195100988397078,327.42326271533966,52,52,635,21,True,53.183712005615234,50.871795654296875,33.60294723510742,0.2916352045961356
10.9.1.29,none,none,none,none,none,none,2019-10-23-19-05,pos-153-001-003,none,none,none,none,none,./imgs/10.9.1.29_pos-153-001-003_2019-10-23-19-05.jpg,23,True,3154.0,4941.0,0.6383323213924307,437.88939011096954,86,93,1015,25,True,81.4159927368164,71.23301696777344,162.4938507080078,0.4842555736211417
10.9.1.29,none,none,none,none,none,none,2019-10-27-19-05,pos-153-001-003,none,none,none,none,none,./imgs/10.9.1.29_pos-153-001-003_2019-10-27-19-05.jpg,0,True,6776.0,9675.5,0.7003255645703065,786.2388207912445,109,134,958,24,True,140.76412963867188,85.00111389160156,27.94182014465332,0.7970942362338945
10.9.1.29,none,none,none,none,none,none,2019-10-27-19-05,pos-153-001-003,none,none,none,none,none,./imgs/10.9.1.29_pos-153-001-003_2019-10-27-19-05.jpg,1,True,4321.0,5682.5,0.7604047514298284,554.6334315538406,90,104,724,20,True,110.69825744628906,64.86296844482422,34.004032135009766,0.8103516203857923
10.9.1.29,none,none,none,none,none,none,2019-10-27-19-05,pos-153-001-003,none,none,none,none,none,./imgs/10.9.1.29_pos-153-001-003_2019-10-27-19-05.jpg,2,True,11908.0,19903.0,0.5983017635532332,974.4478269815445,199,163,1304,28,True,166.7661590576172,142.81649780273438,106.86883544921875,0.5163332261023174
10.9.1.29,none,none,none,none,none,none,2019-10-27-19-05,pos-153-001-003,none,none,none,none,none,./imgs/10.9.1.29_pos-153-001-003_2019-10-27-19-05.jpg,3,True,7357.0,11620.5,0.6331052880684996,727.369619011879,176,97,1198,25,True,157.54200744628906,84.80593872070312,84.10002899169922,0.8427489282632524
10.9.1.29,none,none,none,none,none,none,2019-10-27-19-05,pos-153-001-003,none,none,none,none,none,./imgs/10.9.1.29_pos-153-001-003_2019-10-27-19-05.jpg,4,True,7564.0,12414.5,0.6092875266825084,863.9431308507919,135,137,1494,27,True,134.19125366210938,112.61519622802734,134.603515625,0.543801106658911
10.9.1.29,none,none,none,none,none,none,2019-10-27-19-05,pos-153-001-003,none,none,none,none,none,./imgs/10.9.1.29_pos-153-001-003_2019-10-27-19-05.jpg,6,True,7360.0,11073.0,0.6646798518919895,692.4406867027283,164,104,1003,27,True,148.72071838378906,92.52398681640625,97.60935974121094,0.7829119992516149
10.9.1.29,none,none,none,none,none,none,2019-10-27-19-05,pos-153-001-003,none,none,none,none,none,./imgs/10.9.1.29_pos-153-001-003_2019-10-27-19-05.jpg,7,True,9107.0,14037.5,0.6487622439893144,1026.7562296390533,183,127,1448,27,True,182.78189086914062,84.2657241821289,60.49003982543945,0.8873908340582638
10.9.1.29,none,none,none,none,none,none,2019-10-27-19-05,pos-153-001-003,none,none,none,none,none,./imgs/10.9.1.29_pos-153-001-003_2019-10-27-19-05.jpg,8,True,11324.0,18051.5,0.6273162895050273,933.5777697563171,141,208,2191,29,True,191.23597717285156,118.05310821533203,17.115055084228516,0.7867149683309306
10.9.1.29,none,none,none,none,none,none,2019-10-27-19-05,pos-153-001-003,none,none,none,none,none,./imgs/10.9.1.29_pos-153-001-003_2019-10-27-19-05.jpg,9,True,12648.0,21401.5,0.5909866130878677,1050.4894571304321,163,185,1241,25,True,181.89047241210938,136.96920776367188,169.2978057861328,0.6579847668555802
10.9.1.29,none,none,none,none,none,none,2019-10-27-19-05,pos-153-001-003,none,none,none,none,none,./imgs/10.9.1.29_pos-153-001-003_2019-10-27-19-05.jpg,10,True,4703.0,6364.5,0.7389425720795035,459.3036036491394,127,74,861,27,True,116.26448059082031,62.18568801879883,90.38221740722656,0.8449381486704286
10.9.1.29,none,none,none,none,none,none,2019-10-27-19-05,pos-153-001-003,none,none,none,none,none,./imgs/10.9.1.29_pos-153-001-003_2019-10-27-19-05.jpg,11,True,8084.0,12601.5,0.6415109312383447,732.7249574661255,129,163,1190,29,True,159.58648681640625,97.09188842773438,28.624019622802734,0.7936330904373442
10.9.1.29,none,none,none,none,none,none,2019-10-27-19-05,pos-153-001-003,none,none,none,none,none,./imgs/10.9.1.29_pos-153-001-003_2019-10-27-19-05.jpg,12,True,8928.0,13664.0,0.6533957845433255,948.4122130870819,146,155,1055,26,True,155.09071350097656,110.73507690429688,139.92105102539062,0.7001436774057861
10.9.1.29,none,none,none,none,none,none,2019-10-27-19-05,pos-153-001-003,none,none,none,none,none,./imgs/10.9.1.29_pos-153-001-003_2019-10-27-19-05.jpg,13,True,10689.0,17918.0,0.5965509543475834,1130.174505829811,137,179,1963,27,True,176.48081970214844,118.77294158935547,165.42051696777344,0.7396355211682221
10.9.1.29,none,none,none,none,none,none,2019-10-27-19-05,pos-153-001-003,none,none,none,none,none,./imgs/10.9.1.29_pos-153-001-003_2019-10-27-19-05.jpg,14,True,10199.0,15593.5,0.6540545740212268,1138.3494765758514,171,119,1243,26,True,168.75320434570312,108.62300109863281,106.13890075683594,0.7652950585025766
10.9.1.29,none,none,none,none,none,none,2019-10-27-19-05,pos-153-001-003,none,none,none,none,none,./imgs/10.9.1.29_pos-153-001-003_2019-10-27-19-05.jpg,15,True,12130.0,18314.5,0.6623167435638428,1120.5712107419968,153,165,1361,29,True,170.24623107910156,123.32227325439453,39.345577239990234,0.689405179180247
10.9.1.29,none,none,none,none,none,none,2019-10-27-19-05,pos-153-001-003,none,none,none,none,none,./imgs/10.9.1.29_pos-153-001-003_2019-10-27-19-05.jpg,16,True,6892.0,10750.5,0.6410864610948328,791.2518688440323,139,106,958,24,True,131.0944366455078,95.82957458496094,105.97660064697266,0.6823812090387968
10.9.1.29,none,none,none,none,none,none,2019-10-27-19-05,pos-153-001-003,none,none,none,none,none,./imgs/10.9.1.29_pos-153-001-003_2019-10-27-19-05.jpg,18,True,8054.0,12822.5,0.6281146422304543,828.7665876150131,111,164,1781,25,True,158.33670043945312,97.72907257080078,171.31077575683594,0.7867881656972109
10.9.1.29,none,none,none,none,none,none,2019-10-27-19-05,pos-153-001-003,none,none,none,none,none,./imgs/10.9.1.29_pos-153-001-003_2019-10-27-19-05.jpg,19,True,8311.0,13090.5,0.6348878958022994,803.979790687561,137,140,1190,24,True,159.04164123535156,100.93698120117188,48.234344482421875,0.7727934857822764
10.9.1.29,none,none,none,none,none,none,2019-10-27-19-05,pos-153-001-003,none,none,none,none,none,./imgs/10.9.1.29_pos-153-001-003_2019-10-27-19-05.jpg,20,True,7333.0,13054.0,0.5617435268883101,756.4823168516159,160,124,1079,26,True,153.12457275390625,108.01840209960938,98.88716125488281,0.7087813196848602
10.9.1.29,none,none,none,none,none,none,2019-10-27-19-05,pos-153-001-003,none,none,none,none,none,./imgs/10.9.1.29_pos-153-001-003_2019-10-27-19-05.jpg,21,True,10670.0,18105.0,0.5893399613366473,1104.449594259262,181,145,1234,30,True,165.6802520751953,125.47071838378906,90.76876068115234,0.6530597123327031
10.9.1.29,none,none,none,none,none,none,2019-10-27-19-05,pos-153-001-003,none,none,none,none,none,./imgs/10.9.1.29_pos-153-001-003_2019-10-27-19-05.jpg,22,True,5416.0,8347.5,0.6488170110811621,596.7422024011612,116,105,910,27,True,124.33055877685547,79.19847106933594,50.87847900390625,0.7708644317493626
10.9.1.29,none,none,none,none,none,none,2019-10-27-19-05,pos-153-001-003,none,none,none,none,none,./imgs/10.9.1.29_pos-153-001-003_2019-10-27-19-05.jpg,23,True,9226.0,13582.0,0.6792814018553969,821.4945094585419,116,158,1046,27,True,146.49134826660156,103.79247283935547,8.223730087280273,0.7056878347376593
10.9.1.29,none,none,none,none,none,none,2019-10-30-19-05,pos-153-001-003,none,none,none,none,none,./imgs/10.9.1.29_pos-153-001-003_2019-10-30-19-05.jpg,0,True,17027.0,30894.5,0.5511336969363478,1722.4227172136307,256,183,1640,31,True,229.021728515625,157.3428955078125,85.10308837890625,0.726636906750564
10.9.1.29,none,none,none,none,none,none,2019-10-30-19-05,pos-153-001-003,none,none,none,none,none,./imgs/10.9.1.29_pos-153-001-003_2019-10-30-19-05.jpg,1,True,9514.0,13223.5,0.7194766892275116,752.8254626989365,132,150,1011,27,True,139.76632690429688,115.95638275146484,156.12979125976562,0.5582918464113571
10.9.1.29,none,none,none,none,none,none,2019-10-30-19-05,pos-153-001-003,none,none,none,none,none,./imgs/10.9.1.29_pos-153-001-003_2019-10-30-19-05.jpg,2,False,24082.0,44216.0,0.544644472589108,1932.094412446022,245,251,1874,26,False,260.19781494140625,186.20486450195312,31.354917526245117,0.6984815254182105
10.9.1.29,none,none,none,none,none,none,2019-10-30-19-05,pos-153-001-003,none,none,none,none,none,./imgs/10.9.1.29_pos-153-001-003_2019-10-30-19-05.jpg,3,True,17157.0,30157.0,0.5689226381934542,1325.425529718399,247,194,1634,29,True,225.66143798828125,154.19561767578125,105.81051635742188,0.7301329348926342
10.9.1.29,none,none,none,none,none,none,2019-10-30-19-05,pos-153-001-003,none,none,none,none,none,./imgs/10.9.1.29_pos-153-001-003_2019-10-30-19-05.jpg,4,True,16502.0,30192.5,0.5465595760536557,1493.9559823274612,192,250,2858,23,True,215.90008544921875,152.34130859375,25.454444885253906,0.7086001733371701
10.9.1.29,none,none,none,none,none,none,2019-10-30-19-05,pos-153-001-003,none,none,none,none,none,./imgs/10.9.1.29_pos-153-001-003_2019-10-30-19-05.jpg,6,True,18359.0,34856.5,0.5267023367234231,1429.449914932251,229,233,2380,23,True,210.69252014160156,184.26995849609375,154.29356384277344,0.48485989364671744
10.9.1.29,none,none,none,none,none,none,2019-10-30-19-05,pos-153-001-003,none,none,none,none,none,./imgs/10.9.1.29_pos-153-001-003_2019-10-30-19-05.jpg,7,True,21739.0,39504.0,0.550298703928716,1666.5453678369522,260,178,1935,28,True,254.346435546875,167.48033142089844,92.40957641601562,0.7526041063004382
10.9.1.29,none,none,none,none,none,none,2019-10-30-19-05,pos-153-001-003,none,none,none,none,none,./imgs/10.9.1.29_pos-153-001-003_2019-10-30-19-05.jpg,8,True,23080.0,43964.0,0.5249749795287053,1754.7023330926895,250,247,3005,28,True,261.2461853027344,203.1980743408203,122.85638427734375,0.6285081125147975
10.9.1.29,none,none,none,none,none,none,2019-10-30-19-05,pos-153-001-003,none,none,none,none,none,./imgs/10.9.1.29_pos-153-001-003_2019-10-30-19-05.jpg,9,True,25472.0,48335.5,0.5269832731636168,1552.3199721574783,286,238,2246,29,True,257.6943359375,206.94329833984375,110.4781723022461,0.595901915777968
10.9.1.29,none,none,none,none,none,none,2019-10-30-19-05,pos-153-001-003,none,none,none,none,none,./imgs/10.9.1.29_pos-153-001-003_2019-10-30-19-05.jpg,10,True,12150.0,20318.0,0.5979919283394035,1040.589962363243,190,183,1330,27,True,158.03709411621094,151.07546997070312,94.5749740600586,0.2935314090722127
10.9.1.29,none,none,none,none,none,none,2019-10-30-19-05,pos-153-001-003,none,none,none,none,none,./imgs/10.9.1.29_pos-153-001-003_2019-10-30-19-05.jpg,11,True,18061.0,34746.5,0.5197933604823507,1447.8935660123825,259,217,1782,32,True,238.57943725585938,162.23704528808594,67.81795501708984,0.7332003404710231
10.9.1.29,none,none,none,none,none,none,2019-10-30-19-05,pos-153-001-003,none,none,none,none,none,./imgs/10.9.1.29_pos-153-001-003_2019-10-30-19-05.jpg,12,True,19013.0,37859.5,0.5021989196899062,1642.5538127422333,262,227,1806,23,True,229.5157012939453,178.86317443847656,66.20619201660156,0.6266424205843419
10.9.1.29,none,none,none,none,none,none,2019-10-30-19-05,pos-153-001-003,none,none,none,none,none,./imgs/10.9.1.29_pos-153-001-003_2019-10-30-19-05.jpg,13,True,23719.0,47652.5,0.4977493310949058,1531.148399233818,258,236,2026,25,True,251.85589599609375,212.7498016357422,54.997039794921875,0.5351953918494791
10.9.1.29,none,none,none,none,none,none,2019-10-30-19-05,pos-153-001-003,none,none,none,none,none,./imgs/10.9.1.29_pos-153-001-003_2019-10-30-19-05.jpg,14,True,20721.0,38327.5,0.5406300958841563,1796.8752399682999,226,237,1539,24,True,229.85560607910156,194.051025390625,23.883100509643555,0.5359808842182073
10.9.1.29,none,none,none,none,none,none,2019-10-30-19-05,pos-153-001-003,none,none,none,none,none,./imgs/10.9.1.29_pos-153-001-003_2019-10-30-19-05.jpg,15,True,24051.0,46314.0,0.5193030185257158,1742.6875032186508,251,257,1976,29,True,242.94485473632812,205.94554138183594,126.79795837402344,0.5304681133866316
10.9.1.29,none,none,none,none,none,none,2019-10-30-19-05,pos-153-001-003,none,none,none,none,none,./imgs/10.9.1.29_pos-153-001-003_2019-10-30-19-05.jpg,16,True,16909.0,32547.0,0.51952560911912,1403.3077795505524,207,228,1501,28,True,218.14614868164062,170.34413146972656,150.2740936279297,0.6246915632682227
10.9.1.29,none,none,none,none,none,none,2019-10-30-19-05,pos-153-001-003,none,none,none,none,none,./imgs/10.9.1.29_pos-153-001-003_2019-10-30-19-05.jpg,18,True,18350.0,35187.0,0.521499417398471,1362.3960921764374,246,208,1822,25,True,223.7682647705078,176.03817749023438,114.32467651367188,0.6173372941595799
10.9.1.29,none,none,none,none,none,none,2019-10-30-19-05,pos-153-001-003,none,none,none,none,none,./imgs/10.9.1.29_pos-153-001-003_2019-10-30-19-05.jpg,19,True,19335.0,37839.0,0.510980734163165,1728.9125899076462,243,220,1672,31,True,221.8287811279297,183.2709503173828,112.46207427978516,0.5634032934655069
10.9.1.29,none,none,none,none,none,none,2019-10-30-19-05,pos-153-001-003,none,none,none,none,none,./imgs/10.9.1.29_pos-153-001-003_2019-10-30-19-05.jpg,20,True,16265.0,30986.5,0.5249060074548594,1537.1898745298386,205,230,2586,27,True,204.07931518554688,167.50341796875,41.90945816040039,0.5712500726210074
10.9.1.29,none,none,none,none,none,none,2019-10-30-19-05,pos-153-001-003,none,none,none,none,none,./imgs/10.9.1.29_pos-153-001-003_2019-10-30-19-05.jpg,21,True,20334.0,41514.0,0.4898106662812545,1642.4448626041412,223,270,2935,29,True,242.79705810546875,187.2436065673828,24.0631103515625,0.6366003387955095
10.9.1.29,none,none,none,none,none,none,2019-10-30-19-05,pos-153-001-003,none,none,none,none,none,./imgs/10.9.1.29_pos-153-001-003_2019-10-30-19-05.jpg,22,True,13097.0,22917.5,0.5714846732846078,1015.2173789739609,185,166,1394,30,True,185.49876403808594,147.86293029785156,116.03776550292969,0.6038340481453547
10.9.1.29,none,none,none,none,none,none,2019-10-30-19-05,pos-153-001-003,none,none,none,none,none,./imgs/10.9.1.29_pos-153-001-003_2019-10-30-19-05.jpg,23,True,18656.0,33331.5,0.5597107840931251,1562.6458730697632,245,190,1651,30,True,221.92218017578125,165.54815673828125,98.09846496582031,0.6659751675086937
10.9.1.29,none,none,none,none,none,none,2019-10-19-19-05,pos-153-001-003,none,none,none,none,none,./imgs/10.9.1.29_pos-153-001-003_2019-10-19-19-05.jpg,0,True,588.0,598.5,0.9824561403508771,110.08326029777527,41,19,280,18,True,42.12821960449219,17.35150909423828,94.22589111328125,0.9112409058780968
10.9.1.29,none,none,none,none,none,none,2019-10-19-19-05,pos-153-001-003,none,none,none,none,none,./imgs/10.9.1.29_pos-153-001-003_2019-10-19-19-05.jpg,1,True,481.0,522.5,0.9205741626794258,102.18376553058624,23,32,216,15,True,31.366966247558594,20.844839096069336,163.15370178222656,0.7472460212505169
10.9.1.29,none,none,none,none,none,none,2019-10-19-19-05,pos-153-001-003,none,none,none,none,none,./imgs/10.9.1.29_pos-153-001-003_2019-10-19-19-05.jpg,2,True,997.0,1214.0,0.8212520593080724,186.61017167568207,32,57,624,20,True,60.52751541137695,23.012161254882812,15.062840461730957,0.9249070150139346
10.9.1.29,none,none,none,none,none,none,2019-10-19-19-05,pos-153-001-003,none,none,none,none,none,./imgs/10.9.1.29_pos-153-001-003_2019-10-19-19-05.jpg,3,True,583.0,638.0,0.9137931034482759,112.08326029777527,23,38,265,16,True,42.2108268737793,18.659944534301758,169.60125732421875,0.8969828394184578
10.9.1.29,none,none,none,none,none,none,2019-10-19-19-05,pos-153-001-003,none,none,none,none,none,./imgs/10.9.1.29_pos-153-001-003_2019-10-19-19-05.jpg,4,True,621.0,670.0,0.926865671641791,120.46803629398346,40,32,300,19,True,46.56914520263672,17.10584259033203,54.461029052734375,0.9300940840738643
10.9.1.29,none,none,none,none,none,none,2019-10-19-19-05,pos-153-001-003,none,none,none,none,none,./imgs/10.9.1.29_pos-153-001-003_2019-10-19-19-05.jpg,5,True,268.0,359.0,0.7465181058495822,119.36839807033539,30,22,219,13,True,33.11208724975586,13.031564712524414,121.17772674560547,0.9192992984935113
10.9.1.29,none,none,none,none,none,none,2019-10-19-19-05,pos-153-001-003,none,none,none,none,none,./imgs/10.9.1.29_pos-153-001-003_2019-10-19-19-05.jpg,6,True,401.0,462.0,0.8679653679653679,102.08326029777527,20,33,360,16,True,38.03792190551758,15.199480056762695,13.078895568847656,0.9166950360617685
10.9.1.29,none,none,none,none,none,none,2019-10-19-19-05,pos-153-001-003,none,none,none,none,none,./imgs/10.9.1.29_pos-153-001-003_2019-10-19-19-05.jpg,7,True,839.0,914.5,0.9174412247129579,133.25483322143555,25,47,506,17,True,52.96669006347656,21.291587829589844,173.5779266357422,0.9156481346499737
10.9.1.29,none,none,none,none,none,none,2019-10-19-19-05,pos-153-001-003,none,none,none,none,none,./imgs/10.9.1.29_pos-153-001-003_2019-10-19-19-05.jpg,8,True,920.0,1021.0,0.901077375122429,160.95331752300262,52,25,352,18,True,57.051422119140625,21.449254989624023,97.31468963623047,0.9266344542184616
10.9.1.29,none,none,none,none,none,none,2019-10-19-19-05,pos-153-001-003,none,none,none,none,none,./imgs/10.9.1.29_pos-153-001-003_2019-10-19-19-05.jpg,9,True,989.0,1080.0,0.9157407407407407,154.22539567947388,57,24,394,18,True,65.16204071044922,20.624408721923828,94.98347473144531,0.948589320790113
10.9.1.29,none,none,none,none,none,none,2019-10-19-19-05,pos-153-001-003,none,none,none,none,none,./imgs/10.9.1.29_pos-153-001-003_2019-10-19-19-05.jpg,10,True,303.0,342.5,0.8846715328467153,85.01219260692596,17,31,290,17,True,33.363059997558594,12.774292945861816,12.905558586120605,0.923795049197072
10.9.1.29,none,none,none,none,none,none,2019-10-19-19-05,pos-153-001-003,none,none,none,none,none,./imgs/10.9.1.29_pos-153-001-003_2019-10-19-19-05.jpg,11,True,619.0,697.5,0.8874551971326164,126.56854152679443,37,33,308,17,True,46.11427307128906,18.130218505859375,127.99977111816406,0.9194707132759974
10.9.1.29,none,none,none,none,none,none,2019-10-19-19-05,pos-153-001-003,none,none,none,none,none,./imgs/10.9.1.29_pos-153-001-003_2019-10-19-19-05.jpg,12,True,648.0,702.0,0.9230769230769231,125.9827550649643,38,35,302,14,True,49.47314453125,17.199872970581055,49.236114501953125,0.9376203755490119
10.9.1.29,none,none,none,none,none,none,2019-10-19-19-05,pos-153-001-003,none,none,none,none,none,./imgs/10.9.1.29_pos-153-001-003_2019-10-19-19-05.jpg,13,True,973.0,1039.5,0.936026936026936,143.29646337032318,52,29,361,21,True,57.3612174987793,21.77726173400879,77.92404174804688,0.9251296546711177
10.9.1.29,none,none,none,none,none,none,2019-10-19-19-05,pos-153-001-003,none,none,none,none,none,./imgs/10.9.1.29_pos-153-001-003_2019-10-19-19-05.jpg,14,True,825.0,922.0,0.8947939262472885,144.56854152679443,42,40,345,19,True,55.0738410949707,19.676759719848633,43.94108581542969,0.9339974785727034
10.9.1.29,none,none,none,none,none,none,2019-10-19-19-05,pos-153-001-003,none,none,none,none,none,./imgs/10.9.1.29_pos-153-001-003_2019-10-19-19-05.jpg,15,True,986.0,1128.5,0.8737261852015951,172.1248904466629,49,44,401,19,True,64.30072784423828,21.064884185791016,130.30332946777344,0.9448166960078337
10.9.1.29,none,none,none,none,none,none,2019-10-19-19-05,pos-153-001-003,none,none,none,none,none,./imgs/10.9.1.29_pos-153-001-003_2019-10-19-19-05.jpg,16,True,459.0,542.5,0.8460829493087557,113.49747383594513,29,37,427,16,True,47.02639389038086,13.857080459594727,32.58924865722656,0.9556003008271482
10.9.1.29,none,none,none,none,none,none,2019-10-19-19-05,pos-153-001-003,none,none,none,none,none,./imgs/10.9.1.29_pos-153-001-003_2019-10-19-19-05.jpg,17,True,89.0,80.5,1.1055900621118013,35.31370830535889,11,11,73,10,True,10.884114265441895,9.007545471191406,137.40182495117188,0.5613382848860162
10.9.1.29,none,none,none,none,none,none,2019-10-19-19-05,pos-153-001-003,none,none,none,none,none,./imgs/10.9.1.29_pos-153-001-003_2019-10-19-19-05.jpg,18,True,709.0,835.0,0.8491017964071856,143.39696860313416,47,31,329,19,True,55.48285675048828,17.946455001831055,113.62300109863281,0.9462420284261018
10.9.1.29,none,none,none,none,none,none,2019-10-19-19-05,pos-153-001-003,none,none,none,none,none,./imgs/10.9.1.29_pos-153-001-003_2019-10-19-19-05.jpg,19,True,751.0,861.0,0.8722415795586528,157.1959581375122,42,41,347,17,True,57.1473503112793,18.19945526123047,136.35401916503906,0.9479344768745072
10.9.1.29,none,none,none,none,none,none,2019-10-19-19-05,pos-153-001-003,none,none,none,none,none,./imgs/10.9.1.29_pos-153-001-003_2019-10-19-19-05.jpg,20,True,598.0,694.0,0.861671469740634,181.13701176643372,21,45,461,16,True,50.03538513183594,17.09977912902832,7.723607540130615,0.9397895472442491
10.9.1.29,none,none,none,none,none,none,2019-10-19-19-05,pos-153-001-003,none,none,none,none,none,./imgs/10.9.1.29_pos-153-001-003_2019-10-19-19-05.jpg,21,True,888.0,993.5,0.8938097634625063,158.46803629398346,28,52,558,19,True,55.90159225463867,20.616273880004883,14.790388107299805,0.9295104296673331
10.9.1.29,none,none,none,none,none,none,2019-10-19-19-05,pos-153-001-003,none,none,none,none,none,./imgs/10.9.1.29_pos-153-001-003_2019-10-19-19-05.jpg,22,True,430.0,515.5,0.8341416100872939,107.25483322143555,31,30,376,17,True,38.343894958496094,16.01735496520996,136.41978454589844,0.9085716948334184
10.9.1.29,none,none,none,none,none,none,2019-10-19-19-05,pos-153-001-003,none,none,none,none,none,./imgs/10.9.1.29_pos-153-001-003_2019-10-19-19-05.jpg,23,True,817.0,878.5,0.9299943084803642,146.46803629398346,50,21,331,14,True,57.228736877441406,19.242250442504883,89.91301727294922,0.9417784549176008
10.9.1.29,none,none,none,none,none,none,2019-10-20-19-05,pos-153-001-003,none,none,none,none,none,./imgs/10.9.1.29_pos-153-001-003_2019-10-20-19-05.jpg,0,True,820.0,960.0,0.8541666666666666,159.88224983215332,46,31,320,17,True,41.46052169799805,26.567668914794922,95.80416107177734,0.7677125597137092
10.9.1.29,none,none,none,none,none,none,2019-10-20-19-05,pos-153-001-003,none,none,none,none,none,./imgs/10.9.1.29_pos-153-001-003_2019-10-20-19-05.jpg,1,True,688.0,739.0,0.9309878213802436,118.91168737411499,30,38,405,15,True,38.09904098510742,23.951374053955078,25.13243865966797,0.7776796146646062
10.9.1.29,none,none,none,none,none,none,2019-10-20-19-05,pos-153-001-003,none,none,none,none,none,./imgs/10.9.1.29_pos-153-001-003_2019-10-20-19-05.jpg,2,True,1521.0,1860.5,0.8175221714592852,223.5807341337204,41,66,750,20,True,64.65264129638672,32.57805633544922,17.270994186401367,0.8637656944945991
10.9.1.29,none,none,none,none,none,none,2019-10-20-19-05,pos-153-001-003,none,none,none,none,none,./imgs/10.9.1.29_pos-153-001-003_2019-10-20-19-05.jpg,3,True,758.0,821.5,0.9227023737066342,134.46803629398346,26,45,487,17,True,50.131168365478516,20.156906127929688,168.11891174316406,0.9156030862446864
10.9.1.29,none,none,none,none,none,none,2019-10-20-19-05,pos-153-001-003,none,none,none,none,none,./imgs/10.9.1.29_pos-153-001-003_2019-10-20-19-05.jpg,4,True,897.0,1019.0,0.8802747791952895,148.1248904466629,43,35,341,20,True,45.09611129760742,26.104358673095703,58.70094299316406,0.8154265707536854
10.9.1.29,none,none,none,none,none,none,2019-10-20-19-05,pos-153-001-003,none,none,none,none,none,./imgs/10.9.1.29_pos-153-001-003_2019-10-20-19-05.jpg,5,True,226.0,310.0,0.7290322580645161,118.11317121982574,29,22,217,12,True,32.54611587524414,11.494319915771484,122.65106964111328,0.935559070151478
10.9.1.29,none,none,none,none,none,none,2019-10-20-19-05,pos-153-001-003,none,none,none,none,none,./imgs/10.9.1.29_pos-153-001-003_2019-10-20-19-05.jpg,6,True,565.0,601.5,0.9393183707398172,116.66904675960541,22,39,389,16,True,45.52023696899414,16.16871452331543,12.119915962219238,0.9347909442047854
10.9.1.29,none,none,none,none,none,none,2019-10-20-19-05,pos-153-001-003,none,none,none,none,none,./imgs/10.9.1.29_pos-153-001-003_2019-10-20-19-05.jpg,7,True,1124.0,1236.5,0.9090173877881116,164.02438521385193,30,56,614,20,True,59.000484466552734,24.59002685546875,173.96868896484375,0.9090089039209954
10.9.1.29,none,none,none,none,none,none,2019-10-20-19-05,pos-153-001-003,none,none,none,none,none,./imgs/10.9.1.29_pos-153-001-003_2019-10-20-19-05.jpg,8,True,1291.0,1499.5,0.8609536512170723,194.5096664428711,60,35,426,20,True,59.40353775024414,28.38751792907715,99.72857666015625,0.8784273689295962
10.9.1.29,none,none,none,none,none,none,2019-10-20-19-05,pos-153-001-003,none,none,none,none,none,./imgs/10.9.1.29_pos-153-001-003_2019-10-20-19-05.jpg,9,True,1296.0,1483.5,0.8736097067745198,204.85281229019165,64,31,426,20,True,66.15834045410156,26.325654983520508,95.53491973876953,0.9174205894274087
10.9.1.29,none,none,none,none,none,none,2019-10-20-19-05,pos-153-001-003,none,none,none,none,none,./imgs/10.9.1.29_pos-153-001-003_2019-10-20-19-05.jpg,10,True,385.0,394.0,0.9771573604060914,85.94112491607666,17,33,337,17,True,36.04108428955078,13.549710273742676,10.69238567352295,0.9266392227075603
10.9.1.29,none,none,none,none,none,none,2019-10-20-19-05,pos-153-001-003,none,none,none,none,none,./imgs/10.9.1.29_pos-153-001-003_2019-10-20-19-05.jpg,11,True,823.0,944.0,0.871822033898305,140.22539567947388,44,37,329,18,True,50.62944030761719,21.870460510253906,125.67829132080078,0.9018873960280076
10.9.1.29,none,none,none,none,none,none,2019-10-20-19-05,pos-153-001-003,none,none,none,none,none,./imgs/10.9.1.29_pos-153-001-003_2019-10-20-19-05.jpg,12,True,942.0,1022.0,0.9217221135029354,141.63960921764374,42,39,578,16,True,48.78771209716797,24.327669143676758,48.00125503540039,0.8668072393500424
10.9.1.29,none,none,none,none,none,none,2019-10-20-19-05,pos-153-001-003,none,none,none,none,none,./imgs/10.9.1.29_pos-153-001-003_2019-10-20-19-05.jpg,13,True,1371.0,1487.5,0.9216806722689076,175.29646337032318,58,34,413,16,True,57.22346496582031,30.4447078704834,74.58363342285156,0.846724320240763
10.9.1.29,none,none,none,none,none,none,2019-10-20-19-05,pos-153-001-003,none,none,none,none,none,./imgs/10.9.1.29_pos-153-001-003_2019-10-20-19-05.jpg,14,True,1211.0,1384.5,0.8746840014445648,197.4385987520218,48,48,628,21,True,57.16299057006836,26.828113555908203,43.72297286987305,0.8830246413033893
10.9.1.29,none,none,none,none,none,none,2019-10-20-19-05,pos-153-001-003,none,none,none,none,none,./imgs/10.9.1.29_pos-153-001-003_2019-10-20-19-05.jpg,15,True,1275.0,1547.5,0.8239095315024233,219.82337474822998,53,50,455,20,True,62.008934020996094,28.14696502685547,133.59487915039062,0.89104351257773
10.9.1.29,none,none,none,none,none,none,2019-10-20-19-05,pos-153-001-003,none,none,none,none,none,./imgs/10.9.1.29_pos-153-001-003_2019-10-20-19-05.jpg,16,True,714.0,811.5,0.8798521256931608,147.9827550649643,32,44,517,19,True,49.239131927490234,18.622215270996094,31.67519187927246,0.925724113975227
10.9.1.29,none,none,none,none,none,none,2019-10-20-19-05,pos-153-001-003,none,none,none,none,none,./imgs/10.9.1.29_pos-153-001-003_2019-10-20-19-05.jpg,17,True,109.0,95.5,1.1413612565445026,37.31370830535889,12,11,109,10,True,11.88306713104248,10.129462242126465,123.91610717773438,0.5228442033322703
10.9.1.29,none,none,none,none,none,none,2019-10-20-19-05,pos-153-001-003,none,none,none,none,none,./imgs/10.9.1.29_pos-153-001-003_2019-10-20-19-05.jpg,18,True,1003.0,1116.5,0.8983430362740707,165.88224983215332,50,37,376,21,True,56.84580993652344,22.929950714111328,117.56483459472656,0.9150365256388796
10.9.1.29,none,none,none,none,none,none,2019-10-20-19-05,pos-153-001-003,none,none,none,none,none,./imgs/10.9.1.29_pos-153-001-003_2019-10-20-19-05.jpg,19,True,1031.0,1249.0,0.8254603682946358,183.78174459934235,48,46,378,18,True,57.256446838378906,24.663644790649414,133.9741973876953,0.9024677073320683
10.9.1.29,none,none,none,none,none,none,2019-10-20-19-05,pos-153-001-003,none,none,none,none,none,./imgs/10.9.1.29_pos-153-001-003_2019-10-20-19-05.jpg,20,True,798.0,999.5,0.7983991995997999,181.92387998104095,30,49,490,16,True,47.38437271118164,24.34571647644043,13.195342063903809,0.8579147250780871
10.9.1.29,none,none,none,none,none,none,2019-10-20-19-05,pos-153-001-003,none,none,none,none,none,./imgs/10.9.1.29_pos-153-001-003_2019-10-20-19-05.jpg,21,True,1243.0,1473.0,0.8438560760353021,213.33809351921082,34,60,663,19,True,56.543216705322266,29.090190887451172,14.010610580444336,0.8575041109235576
10.9.1.29,none,none,none,none,none,none,2019-10-20-19-05,pos-153-001-003,none,none,none,none,none,./imgs/10.9.1.29_pos-153-001-003_2019-10-20-19-05.jpg,22,True,613.0,706.5,0.867657466383581,129.15432798862457,34,36,423,17,True,43.213130950927734,19.314489364624023,141.8717498779297,0.8945545409571051
10.9.1.29,none,none,none,none,none,none,2019-10-20-19-05,pos-153-001-003,none,none,none,none,none,./imgs/10.9.1.29_pos-153-001-003_2019-10-20-19-05.jpg,23,True,1139.0,1340.5,0.8496829541215964,215.82337474822998,60,31,417,19,True,59.89097213745117,25.283769607543945,83.12165832519531,0.9065198066436226
10.9.1.29,none,none,none,none,none,none,2019-10-24-19-05,pos-153-001-003,none,none,none,none,none,./imgs/10.9.1.29_pos-153-001-003_2019-10-24-19-05.jpg,0,True,3032.0,4513.5,0.6717624903068572,476.16858983039856,74,96,984,22,True,91.20530700683594,65.30292510986328,10.931804656982422,0.6981011194393897
10.9.1.29,none,none,none,none,none,none,2019-10-24-19-05,pos-153-001-003,none,none,none,none,none,./imgs/10.9.1.29_pos-153-001-003_2019-10-24-19-05.jpg,1,True,2340.0,3378.5,0.6926150658576291,432.97848784923553,62,88,919,22,True,85.12416076660156,48.36701965332031,18.594100952148438,0.8228947777893664
10.9.1.29,none,none,none,none,none,none,2019-10-24-19-05,pos-153-001-003,none,none,none,none,none,./imgs/10.9.1.29_pos-153-001-003_2019-10-24-19-05.jpg,2,True,4900.0,7159.0,0.684453135912837,534.1147857904434,139,81,898,20,True,124.00416564941406,65.88087463378906,85.44294738769531,0.8471965904124459
10.9.1.29,none,none,none,none,none,none,2019-10-24-19-05,pos-153-001-003,none,none,none,none,none,./imgs/10.9.1.29_pos-153-001-003_2019-10-24-19-05.jpg,3,True,3231.0,5029.5,0.6424097822845213,468.81832242012024,96,81,711,18,True,88.43486022949219,65.11863708496094,64.51973724365234,0.6766054067583158
10.9.1.29,none,none,none,none,none,none,2019-10-24-19-05,pos-153-001-003,none,none,none,none,none,./imgs/10.9.1.29_pos-153-001-003_2019-10-24-19-05.jpg,4,True,3155.0,4487.5,0.7030640668523677,464.81904327869415,82,83,1066,21,True,96.73259735107422,57.255287170410156,138.4923858642578,0.8060170046054398
10.9.1.29,none,none,none,none,none,none,2019-10-24-19-05,pos-153-001-003,none,none,none,none,none,./imgs/10.9.1.29_pos-153-001-003_2019-10-24-19-05.jpg,6,True,2922.0,4561.0,0.6406489804867354,564.579115152359,100,72,687,23,True,87.6668930053711,59.630645751953125,89.8984146118164,0.7330305431259696
10.9.1.29,none,none,none,none,none,none,2019-10-24-19-05,pos-153-001-003,none,none,none,none,none,./imgs/10.9.1.29_pos-153-001-003_2019-10-24-19-05.jpg,7,True,4285.0,6474.0,0.6618782823602101,547.2447285652161,104,93,783,24,True,102.7347412109375,73.0589599609375,51.64129638671875,0.7030486914052898
10.9.1.29,none,none,none,none,none,none,2019-10-24-19-05,pos-153-001-003,none,none,none,none,none,./imgs/10.9.1.29_pos-153-001-003_2019-10-24-19-05.jpg,8,True,4797.0,7155.0,0.670440251572327,643.2725976705551,80,139,1521,25,True,123.14796447753906,65.62108612060547,2.5394301414489746,0.8462010542686828
10.9.1.29,none,none,none,none,none,none,2019-10-24-19-05,pos-153-001-003,none,none,none,none,none,./imgs/10.9.1.29_pos-153-001-003_2019-10-24-19-05.jpg,9,True,5448.0,8417.5,0.6472230472230472,610.7005722522736,104,128,1488,23,True,116.9194564819336,80.45896911621094,24.834583282470703,0.7255615956136636
10.9.1.29,none,none,none,none,none,none,2019-10-24-19-05,pos-153-001-003,none,none,none,none,none,./imgs/10.9.1.29_pos-153-001-003_2019-10-24-19-05.jpg,10,True,1944.0,2746.0,0.7079388201019665,406.8372882604599,70,61,470,16,True,63.741302490234375,49.96308517456055,71.17061614990234,0.6209608121754053
10.9.1.29,none,none,none,none,none,none,2019-10-24-19-05,pos-153-001-003,none,none,none,none,none,./imgs/10.9.1.29_pos-153-001-003_2019-10-24-19-05.jpg,11,True,3665.0,5573.0,0.6576350260183025,505.78888487815857,75,94,759,25,True,92.32064819335938,67.58695220947266,32.856231689453125,0.6812087491691076
10.9.1.29,none,none,none,none,none,none,2019-10-24-19-05,pos-153-001-003,none,none,none,none,none,./imgs/10.9.1.29_pos-153-001-003_2019-10-24-19-05.jpg,12,True,3916.0,5454.5,0.717939316160968,425.1614682674408,83,102,1094,28,True,102.37223815917969,69.68385314941406,155.92352294921875,0.7325707263538097
10.9.1.29,none,none,none,none,none,none,2019-10-24-19-05,pos-153-001-003,none,none,none,none,none,./imgs/10.9.1.29_pos-153-001-003_2019-10-24-19-05.jpg,13,True,4980.0,7437.5,0.6695798319327732,700.0571509599686,105,118,1293,23,True,120.53948974609375,73.5171890258789,142.8843536376953,0.7924773998479298
10.9.1.29,none,none,none,none,none,none,2019-10-24-19-05,pos-153-001-003,none,none,none,none,none,./imgs/10.9.1.29_pos-153-001-003_2019-10-24-19-05.jpg,14,True,4353.0,6185.0,0.7037995149555376,611.8472791910172,90,100,1287,26,True,106.0051040649414,65.90141296386719,142.7578125,0.7832701337708827
10.9.1.29,none,none,none,none,none,none,2019-10-24-19-05,pos-153-001-003,none,none,none,none,none,./imgs/10.9.1.29_pos-153-001-003_2019-10-24-19-05.jpg,15,True,5303.0,8524.5,0.6220892720980703,623.8132700920105,119,95,915,27,True,118.35767364501953,80.06370544433594,55.63785171508789,0.7364834596484425
10.9.1.29,none,none,none,none,none,none,2019-10-24-19-05,pos-153-001-003,none,none,none,none,none,./imgs/10.9.1.29_pos-153-001-003_2019-10-24-19-05.jpg,16,True,3172.0,4419.5,0.7177282498020138,386.43354642391205,89,74,842,23,True,85.30628204345703,65.36251068115234,88.20207214355469,0.6425904742772637
10.9.1.29,none,none,none,none,none,none,2019-10-24-19-05,pos-153-001-003,none,none,none,none,none,./imgs/10.9.1.29_pos-153-001-003_2019-10-24-19-05.jpg,18,True,3348.0,5055.5,0.6622490357036891,574.3840806484222,71,105,1162,24,True,95.0923080444336,59.285377502441406,9.2027006149292,0.7818625672321943
10.9.1.29,none,none,none,none,none,none,2019-10-24-19-05,pos-153-001-003,none,none,none,none,none,./imgs/10.9.1.29_pos-153-001-003_2019-10-24-19-05.jpg,19,True,3904.0,5796.0,0.673567977915804,459.3036036491394,83,94,762,26,True,97.88262939453125,67.83710479736328,34.36357498168945,0.7208939527841607
10.9.1.29,none,none,none,none,none,none,2019-10-24-19-05,pos-153-001-003,none,none,none,none,none,./imgs/10.9.1.29_pos-153-001-003_2019-10-24-19-05.jpg,20,True,3202.0,4810.0,0.6656964656964657,449.88939011096954,104,67,743,25,True,96.94415283203125,54.57577896118164,104.02729797363281,0.8264834494927367
10.9.1.29,none,none,none,none,none,none,2019-10-24-19-05,pos-153-001-003,none,none,none,none,none,./imgs/10.9.1.29_pos-153-001-003_2019-10-24-19-05.jpg,21,True,4711.0,7293.0,0.6459618812559988,563.5289993286133,115,107,789,22,True,117.0636215209961,83.2792739868164,125.7077407836914,0.7027854889219686
10.9.1.29,none,none,none,none,none,none,2019-10-24-19-05,pos-153-001-003,none,none,none,none,none,./imgs/10.9.1.29_pos-153-001-003_2019-10-24-19-05.jpg,22,True,2568.0,3371.5,0.7616787779919917,453.17186653614044,64,70,514,25,True,73.35582733154297,50.69625473022461,41.28733444213867,0.7227585972681189
10.9.1.29,none,none,none,none,none,none,2019-10-24-19-05,pos-153-001-003,none,none,none,none,none,./imgs/10.9.1.29_pos-153-001-003_2019-10-24-19-05.jpg,23,True,4244.0,6417.0,0.6613682406108774,484.5168067216873,88,115,1279,25,True,106.72315979003906,72.29901123046875,159.66961669921875,0.7355739463625696
